step_time,onnut_action,virtual_action,reward_onnut,reward_virtual,total_travel_time_onnut,total_travel_time_virtual,teleport_number
54015.0,0,0,0,0,0.44520832957119644,0.0,0
54030.0,1,2,4,0,0.08986454395518687,0.0,0
54045.0,0,1,2,0,0.4030565982011206,0.10062571740986286,0
54060.0,0,0,0,0,0.39400706063193336,0.16788791735683561,0
54075.0,0,1,0,0,0.053280076083135404,0.2895983698644531,0
54090.0,0,1,1,5,0.10640536491454529,0.3727321579669366,0
54105.0,0,1,0,12,0.5220741649195163,0.39637285816699547,0
54120.0,0,0,9,13,0.5814427535004119,0.31162406315082514,0
54135.0,1,1,1,8,0.519606421644478,0.3186210361711274,0
54150.0,1,1,81,10,0.793666366038847,0.2413563235039968,0
54165.0,1,1,100,9,0.9852251038103532,0.3869981200169948,0
54180.0,0,1,79,16,0.5765794851792091,0.7195615519022915,0
54195.0,0,1,78,11,0.6882314675522576,1.2922918114117874,0
54210.0,1,1,74,32,0.7600045250601483,0.2877494822865174,0
54225.0,0,2,71,14,0.6291116886255245,0.9193442008271563,0
54240.0,1,1,73,14,0.979225821913915,2.7553345889760505,0
54255.0,0,1,41,15,0.6426472924053916,2.092814417469617,0
54270.0,1,0,97,18,2.456088817188923,0.7988463450407087,0
54285.0,0,2,71,18,0.7471297603798814,1.9836638452596063,0
54300.0,1,1,91,5,37.655798043220265,118.30743191496457,0
54315.0,1,1,101,9,1.339844333636039,3.1681439976047185,0
54330.0,0,1,83,35,0.5035571841294925,1340.1470501751548,0
54345.0,1,1,99,12,0.9969130025480761,881.5987892138685,0
54360.0,1,1,94,7,8.419966640612389,61.751748606421984,0
54375.0,1,1,104,15,133.24501650712247,0.6104352123998492,0
54390.0,0,1,92,14,1.5823711073880073,0.8937225961778198,0
54405.0,0,1,95,17,28.700989381553843,0.8356984506251725,0
54420.0,0,1,72,15,446.38828285509,11.823198968319513,0
54435.0,1,0,94,17,1.0304312028572855,0.4970011706412525,0
54450.0,1,2,123,18,1.1245350127523062,0.5767270717285653,0
54465.0,0,2,105,15,1.4477582302221788,1.5704966285932969,0
54480.0,1,2,114,16,2.47275052592753,135.78146863769436,0
54495.0,0,2,70,16,2.867481844088113,522.8594640169472,0
54510.0,0,2,51,23,1.4947613786376759,449.1119812726129,0
54525.0,0,2,68,18,1.3606442198097057,1141.9273000438413,0
54540.0,0,2,67,14,760.4762567894005,1233.3390823492207,0
54555.0,1,1,106,23,2.163661484448112,8.741450222448123,0
54570.0,1,1,123,24,1.0342721546922622,3.911928490266871,0
54585.0,1,0,113,23,1.0901412148368694,4.228534064817912,0
54600.0,0,2,85,6,37.42152618129389,107.41682884951388,0
54615.0,0,1,87,16,1.398959392497779,0.7936154100045214,0
54630.0,1,1,108,22,0.9240443533381408,0.47350105065010284,0
54645.0,1,1,117,19,1.2263062541019514,9.03221620017562,0
54660.0,1,1,103,9,58.710111613851424,698.075002367716,0
54675.0,0,1,62,19,0.8053922545434185,1055.7570054473779,0
54690.0,0,1,66,21,0.9402415473018269,993.9132208415815,0
54705.0,1,0,124,27,1.1550003058477545,991.5252219970324,0
54720.0,0,2,68,13,169.4918203756941,153.07420864129907,0
54735.0,1,2,94,15,211.82675235812638,231.04927206730687,0
54750.0,0,1,95,22,0.8340128235989033,1.0562759719738242,0
54765.0,1,1,97,18,1.5413158498970658,0.48148115077545584,1
54780.0,1,1,99,13,34.09744116426182,173.20533888107218,0
54795.0,0,1,68,21,0.6669641188535386,2.621345848346117,0
54810.0,1,0,106,25,0.9281934112643457,1.0626587978095658,1
54825.0,1,1,104,29,7.028105250176694,1.8939702467067907,0
54840.0,0,0,65,9,38.76180549721051,246.9863374569243,0
54855.0,1,1,90,3,1.5619320301764321,894.6317332164291,0
54870.0,1,1,99,11,6.883631406405301,525.4267220448475,0
54885.0,0,0,67,23,0.8619178603273646,965.1399275889278,0
54900.0,0,0,68,22,19.21373373995352,519.480691899247,0
54915.0,1,1,71,16,1.3881411714086167,0.5562268334707653,1
54930.0,1,0,90,12,6.533867205450207,0.5229390443232325,1
54945.0,1,1,76,10,10.574904203149998,0.7070608733822329,0
54960.0,0,1,83,1,128.36412526736905,127.49150306729967,0
54975.0,1,0,87,6,102.10037843897766,355.80380543315283,0
54990.0,0,0,81,24,3.5873979095300115,459.62618087516677,0
55005.0,1,2,100,15,369.66493190496846,1034.3498727329847,0
55020.0,1,2,100,11,153.1644081515355,1819.4287185133942,0
55035.0,0,2,59,11,2.2167662771695915,1894.422410303272,0
55050.0,1,1,87,10,5.61787617044079,582.9199736696794,0
55065.0,1,1,86,21,201.0684170491596,67.4361422795264,0
55080.0,0,1,78,17,323.11191947919014,1721.3218794586103,0
55095.0,1,1,91,13,303.202162656086,1727.3940073781168,0
55110.0,0,1,73,16,1.8813125814166523,1619.466087367619,0
55125.0,1,1,97,25,4.349004231630304,590.3961878954436,0
55140.0,0,1,67,19,226.6941957642029,733.1260245668003,0
55155.0,1,1,95,19,3.1975717688113763,1689.509451629166,0
55170.0,1,1,103,25,4.182465891491016,755.3208749212268,0
55185.0,0,1,63,30,1.3811439002398131,28.128910365187128,0
55200.0,0,1,62,17,29.298396986779878,951.7742998283893,0
55215.0,1,1,82,18,6.554690247798081,909.6815152842844,0
55230.0,0,1,58,27,5.513615526093895,654.3817596248882,0
55245.0,1,1,94,22,1.7934903584361321,7.320385598812956,0
55260.0,0,1,66,6,121.16039029442133,614.4679303356594,0
55275.0,0,1,61,5,1.0626936557368247,360.2574803232599,0
55290.0,1,2,80,5,9.666347775344716,345.05647818421085,0
55305.0,1,2,85,20,24.534115727123933,2.3824984248962973,0
55320.0,1,2,78,4,35.68872695701727,117.47621473931301,0
55335.0,0,1,67,6,1.116200262405597,2.697899777561754,0
55350.0,1,0,87,7,1.870101412029587,1.5655026765200155,0
55365.0,0,0,72,28,1.0331564169719873,1.9411983176761638,0
55380.0,0,0,42,25,29.95026265367786,88.9252898386728,0
55395.0,0,0,38,19,6.438578584788562,12.336567610257584,0
55410.0,0,0,60,24,174.22658110946662,2006.1895127773141,0
55425.0,1,2,82,9,194.23556017834863,2726.422514284473,0
55440.0,1,2,87,2,24.23310186094974,1273.7131836817084,0
55455.0,1,1,75,19,3.1877210043508506,40.21456311049448,0
55470.0,1,1,51,27,1.2401388824828201,7.20241713475145,0
55485.0,1,0,93,19,4.2181426867529535,12.800775105977564,0
55500.0,0,1,78,6,66.36407651777654,201.86669101699272,0
55515.0,1,1,111,9,1.7999144264382474,274.8426414092725,0
55530.0,0,1,87,21,1.3850622168583737,189.86044175136132,0
55545.0,0,1,87,17,343.4653157574395,4.832523311830422,0
55560.0,1,1,96,14,2.175908327681457,381.6797957370264,0
55575.0,1,1,101,8,19.319987273706307,257.65516338669636,1
55590.0,1,1,100,16,4.462950657517544,31.9568066754394,0
55605.0,1,1,96,21,68.04964507945084,80.74524760767133,0
55620.0,1,0,95,26,174.0460922733082,828.8385982791626,0
55635.0,1,0,114,33,161.58183886627532,105.26443785941674,0
55650.0,1,2,97,20,194.39853504197856,1.3932601707092789,0
55665.0,0,1,80,25,154.44996152563584,4.814969354114022,0
55680.0,1,0,96,10,301.9306670498034,136.59794055448734,0
55695.0,0,2,66,16,157.15455607765193,494.9243912314333,0
55710.0,1,1,101,24,10.93729857898108,2.5614326205304527,0
55725.0,1,0,106,21,2.793712732289885,0.9465050808866471,0
55740.0,0,1,67,6,6.763707936124456,10.375274527081102,0
55755.0,1,1,96,13,3.1101274993140184,2.0172529372997814,0
55770.0,0,1,112,22,4.025374534569792,9.237214058082676,0
55785.0,0,1,84,25,20.950861020990292,1678.6792781878696,0
55800.0,1,1,122,15,4.945615218507658,760.6419115941325,0
55815.0,0,1,93,16,8.394157277556209,695.8567754938649,0
55830.0,1,1,105,19,155.1578059983895,34.00130036208447,0
55845.0,1,2,112,22,332.4153604208208,4.58308078447744,0
55860.0,1,1,99,24,359.3278342614503,438.9368488336469,0
55875.0,1,1,90,24,1.7782574481083055,388.1987324784353,0
55890.0,1,1,94,21,133.58116877027618,1863.9825787290376,0
55905.0,1,1,98,20,140.11158783010188,20.942938014048003,0
55920.0,0,2,51,21,28.95074665288174,63.02447329192562,0
55935.0,1,1,78,16,150.93905501892743,28.716975986018163,0
55950.0,0,1,70,22,60.07482448707335,383.93479322651905,0
55965.0,0,1,62,31,1.942961561769872,1575.4488637063484,0
55980.0,0,1,57,10,709.036540474757,2348.5801596891383,0
55995.0,1,1,77,17,2.1776474116646822,26.99223083960965,0
56010.0,1,1,93,12,2.7142866401315056,17.2025844946525,0
56025.0,1,1,106,20,2.4724735401117695,6.584240335263533,0
56040.0,0,1,95,11,143.15009085529752,417.47581245821135,0
56055.0,1,2,104,16,251.0980184070075,25.56740622209147,0
56070.0,1,2,107,23,3.317582657762335,83.87853097690234,0
56085.0,0,2,83,22,2.1273044603017865,32.60114445172236,0
56100.0,0,1,96,14,201.67645370852625,96.82905549044553,0
56115.0,1,0,95,15,2.474748613788209,7.76480191716409,0
56130.0,1,2,109,17,2.304321053686004,69.42647942281233,0
56145.0,0,2,100,18,2.247460526784832,20.143060555657655,1
56160.0,0,1,99,9,206.85551988026702,1747.6743654459567,0
56175.0,0,0,62,13,1.7925016508049714,757.1024110084398,0
56190.0,0,2,80,18,9.11719816384165,1014.0448643066807,0
56205.0,0,1,81,25,2.596081295031544,142.4531303335003,0
56220.0,1,1,88,11,30.615662835190673,98.95133795547183,0
56235.0,0,1,99,14,2.0194245230773062,10.050478126585633,0
56250.0,1,1,94,21,1.4847396956362655,2.436978012581771,0
56265.0,0,1,87,19,1.4826649189230103,426.46216740171803,0
56280.0,1,1,90,12,2.855172259936219,404.0325734028864,0
56295.0,0,0,47,11,2.5740498244771586,1649.6921847561546,0
56310.0,1,1,94,22,2.754394871884496,19.603213140560438,0
56325.0,0,1,91,19,4.896638903011091,27.87654146866661,0
56340.0,1,2,100,8,505.5725866022378,220.79953140621623,0
56355.0,1,1,79,17,794.6216843762579,744.9775887076775,0
56370.0,1,1,61,27,793.1864127082553,14.142923392200725,0
56385.0,0,1,59,20,15.319981730998046,2.9161484401499123,0
56400.0,0,1,82,15,12.235644399573356,4.337191051614826,0
56415.0,1,0,54,16,65.32782279572784,372.1586934639076,0
56430.0,0,0,78,37,6.27060687709202,1643.5843662859272,0
56445.0,0,1,93,25,3.5431357271946116,132.79876611230418,0
56460.0,1,1,103,15,3.191243105882746,379.80042807219087,0
56475.0,0,1,92,16,3.0131254739826097,70.18848110524917,0
56490.0,0,1,88,11,4.238982315318754,340.7378183949103,0
56505.0,1,1,99,12,2.60975111409099,123.82838265569998,0
56520.0,1,1,97,17,18.009309924544795,59.177746833703715,0
56535.0,0,1,61,17,9.441112014365038,123.04443591827906,0
56550.0,0,1,90,24,111.73293502231313,333.7959042016638,0
56565.0,1,0,85,14,6.7360287837000135,1619.312959021807,0
56580.0,1,2,78,12,4.181528410408401,2222.7763281009484,0
56595.0,0,2,58,15,1.6100462402472226,2478.556702098665,0
56610.0,0,2,92,23,5.283850081320079,2546.0043760185013,0
56625.0,0,2,92,27,1.930028482897278,1523.9439257702186,0
56640.0,1,2,89,21,54.555252602415116,164.9220740133938,0
56655.0,1,2,76,14,4.690880162760819,36.15070865194705,0
56670.0,1,2,86,18,2.973975307820906,1.0923733712665082,0
56685.0,0,1,83,21,2.1344546382999736,21.39011538511014,0
56700.0,0,1,99,12,29.526126124917305,79.62274798170162,0
56715.0,1,2,89,14,2.02828309019921,38.10981878343949,0
56730.0,1,2,76,22,2.649270028559465,10.256239772191535,0
56745.0,1,2,73,21,2.6690918412056948,8.294804286624633,0
56760.0,0,2,92,12,114.12725387887257,106.20297392566425,0
56775.0,1,1,97,15,2.348680418772113,310.78660543520755,0
56790.0,1,1,92,28,27.396946007421146,19.172192583655647,0
56805.0,0,1,97,32,1.9832021078733806,9.98953614349588,0
56820.0,0,1,95,24,13.581710201753813,41.23262134849927,0
56835.0,1,1,92,23,1.5842114029719623,3.2896337175108656,0
56850.0,1,1,100,25,16.810979792466217,57.418844440187605,0
56865.0,1,1,94,23,4.192803959636479,3.3650325202246547,0
56880.0,1,1,71,14,22.833515466227897,36.21692061804011,0
56895.0,1,2,102,17,90.90868223573551,29.559483675841797,0
56910.0,0,1,90,21,394.15512184950074,14.851534107362989,0
56925.0,0,1,96,24,835.1324684384139,1601.56781044957,0
56940.0,1,1,112,11,521.7811254781262,32.30266105279414,0
56955.0,1,2,98,16,145.7440562141837,33.592113637194664,0
56970.0,0,1,94,12,153.65663674597764,20.51499236935822,0
56985.0,1,0,97,19,3.0140191974888375,4.643092574615623,0
57000.0,1,1,82,10,727.3717397122,8.206734308975648,0
57015.0,0,1,61,16,14.030746529006073,1745.8780318581023,0
57030.0,1,1,103,24,5.607375719471148,13.896117778656068,0
57045.0,1,1,105,24,8.080049681054058,11.635818561841312,0
57060.0,0,1,100,14,98.72834234414186,94.27305018766519,0
57075.0,1,1,103,13,3.9499843900268474,396.8288427314249,0
57090.0,1,2,106,22,10.880635523430945,16.88636549983853,0
57105.0,0,1,95,28,3.0402742165530605,1178.6473919822963,0
57120.0,0,1,92,22,134.8635045140914,2092.1639928594595,0
57135.0,0,1,83,18,2.2230775038060813,832.6788814229825,0
57150.0,1,1,104,24,3.923419544265432,42.49146429046235,0
57165.0,1,1,106,23,23.20445348286128,7.7896399763992115,0
57180.0,0,2,67,16,5.421832440992922,12.269027218605187,0
57195.0,1,1,91,17,3.202469385741899,68.85720172488605,0
57210.0,1,1,110,21,15.179565487582625,490.1621635501046,0
57225.0,0,1,85,25,461.4675063266805,119.83952882541386,0
57240.0,0,1,88,13,554.677208829097,1995.0544456165733,0
57255.0,1,1,71,17,163.49978632088641,27.177638309655855,0
57270.0,1,1,86,23,138.95698215026923,1.7316552088139041,0
57285.0,0,1,86,24,95.25091004970893,1.9854677604086226,0
57300.0,1,1,93,5,6.773268081029595,57.177300564941405,0
57315.0,0,0,65,12,1.6782911239034155,345.20348846069857,0
57330.0,1,1,89,18,2.251496659445038,36.068789807699254,0
57345.0,1,0,106,15,6.034804349702244,147.90518949387862,0
57360.0,0,0,69,11,7.736834517610332,297.74276729182486,0
57375.0,1,1,79,18,3.0794849342190243,65.56625866324498,0
57390.0,1,1,105,20,9.164475018226844,61.996075058925456,0
57405.0,0,1,93,12,23.975273230844923,66.36424601253229,0
57420.0,1,0,93,16,50.12996361781544,191.61568410872923,0
57435.0,1,1,101,15,14.1750672605318,132.03206291334214,0
57450.0,1,1,97,19,1046.9595556396005,29.955936188133037,0
57465.0,0,1,69,35,3.6938349406285518,1919.2607075919339,0
57480.0,0,1,78,22,4.517013187419781,1410.1756823614114,0
57495.0,1,0,101,12,4.965938257925552,775.5563961742207,0
57510.0,0,2,97,30,3.7008858380339062,1009.3682250597878,0
57525.0,0,2,113,33,4.6698617116294034,13.777407514206608,0
57540.0,0,2,80,31,346.3585743945755,5.538502844341342,0
57555.0,0,1,59,29,27.042979132117292,1.9199160413640302,0
57570.0,1,1,87,16,88.74021495090403,383.075980098932,0
57585.0,0,1,80,16,206.99916493271454,23.571734198472832,0
57600.0,1,1,85,17,428.2659879508723,120.32375803917921,0
57615.0,1,1,80,14,139.4613024935698,298.46705777331937,0
57630.0,0,2,87,24,23.82703533221022,803.2880095606309,0
57645.0,1,1,80,21,7.844894417406619,16.744426780833322,0
57660.0,0,1,74,13,22.79617657370159,8.46817422512494,0
57675.0,0,2,71,14,3.6844922982033133,3.215767631653323,0
57690.0,0,2,77,19,2.3976221166240386,3.9947786949713766,0
57705.0,0,2,83,21,51.099896205151744,1764.2136000349517,0
57720.0,1,2,82,14,26.670837888803923,1820.8165671231586,0
57735.0,0,1,75,16,389.6084288374266,778.6545788195567,0
57750.0,1,1,108,19,28.505621921075154,26.07035159693231,0
57765.0,0,2,93,23,2.9168302984264085,2.469011759408684,0
57780.0,1,2,104,15,20.90979126955573,62.75833542953661,0
57795.0,0,2,60,13,2.7746347238415408,376.7791931825084,0
57810.0,1,1,102,16,24.196316787651114,13.280250024092911,0
57825.0,0,1,95,28,3.2290487749333736,1639.2283575377348,0
57840.0,0,1,92,12,111.23476671808852,739.4535086388117,0
57855.0,1,1,92,15,135.92720121784976,37.4080217697332,0
57870.0,1,1,117,21,20.848107342464253,7.099032061376443,0
57885.0,1,1,112,21,432.7463994196573,2.626746672255167,0
57900.0,0,1,96,13,45.61128953562779,128.87864838044538,0
57915.0,1,1,98,18,7.406139913849678,1629.7671250203573,0
57930.0,0,0,110,21,81.18646035824129,46.90383729897178,0
57945.0,0,0,101,15,432.1702672964046,24.26140996910276,0
57960.0,0,2,106,15,555.0344391851938,197.42672226378613,1
57975.0,0,1,87,18,161.56398988135206,38.31794300794476,0
57990.0,0,0,77,19,2.2676490722131044,1061.5176296344086,0
58005.0,1,1,111,22,2.09080783699313,17.264741661731907,0
58020.0,1,1,125,11,19.367473687725315,58.39997517318845,0
58035.0,0,1,67,15,2.31590667980337,0.8526282855637667,0
58050.0,0,1,84,34,2.2858100389961264,5.578740349589201,0
58065.0,1,0,78,13,1.4995331658368556,396.4980595451202,0
58080.0,1,1,83,11,3.855500788246281,1633.9942664785908,0
58095.0,0,1,62,15,1.3402917620821115,2379.436064105082,0
58110.0,1,1,87,19,1.676763000344344,45.995225339036416,0
58125.0,1,1,92,21,2.2124917243308078,24.031046611164903,0
58140.0,0,0,101,13,100.06253375164398,68.33023504493501,0
58155.0,1,1,98,15,3.953282443010007,26.947001579630303,0
58170.0,1,0,106,19,9.497307916248069,8.771768636296477,0
58185.0,1,2,95,21,107.79464532229531,11.522691449206668,0
58200.0,0,1,65,13,46.40557633027134,166.62177482883357,0
58215.0,0,1,60,16,4.025580779817645,34.49405763191932,0
58230.0,0,0,83,18,12.091051815520354,14.00224528530687,0
58245.0,1,0,98,20,6.639027677425526,6.602439859568237,0
58260.0,1,2,94,12,282.4482121028209,44.79721150291792,0
58275.0,0,2,65,21,76.95191670001512,449.1110179063235,0
58290.0,1,2,107,33,2451.529876477727,19.859895400096413,0
58305.0,1,2,110,23,2484.714111725182,5.738016342214057,0
58320.0,0,1,78,17,2694.033270852336,380.5457105961644,0
58335.0,1,1,62,18,19.553654761694755,61.023666922874064,0
58350.0,1,2,88,22,455.7600355095693,5.392506462570698,0
58365.0,1,2,83,20,392.62262088292425,1.9330563916546382,0
58380.0,0,2,62,13,67.80805037870326,3.9090464214547174,0
58395.0,1,2,70,17,16.59553298705199,46.89733245366428,0
58410.0,0,1,69,22,375.441340883343,1647.1557291473366,0
58425.0,0,1,65,18,761.0043699359702,2162.8182612154264,0
58440.0,0,1,53,12,298.8078447422024,871.8079630378612,0
58455.0,0,1,49,13,23.868782646699337,1711.6514112666932,0
58470.0,1,1,91,23,34.43632253440453,70.49693074405859,0
58485.0,1,0,116,16,11.651414388024767,8.515608030919083,0
58500.0,1,2,104,14,13.142013960002393,5.33702937803374,0
58515.0,0,2,62,14,9.500229501423357,1.5857617606431944,0
58530.0,1,2,102,22,4.849796365697544,2.358197768835724,0
58545.0,1,2,79,18,60.713273581560166,3.3734836412859095,0
58560.0,0,2,63,29,9.425219877212418,47.92384595894509,0
58575.0,0,2,77,11,27.99914354901042,1110.0641280891016,0
58590.0,1,2,90,21,3.9807332987345423,14.494253984022713,0
58605.0,0,1,96,31,6.981839680591624,2.6944940994357287,0
58620.0,1,1,108,13,49.92308095798048,2.619619785852896,0
58635.0,0,1,60,15,380.39968185815763,2.507505762188283,0
58650.0,1,2,89,18,144.3092351441962,31.162401038520095,0
58665.0,1,2,95,18,11.566734190349958,5.698645368753099,0
58680.0,0,2,84,16,81.88143334642004,1593.8287986470357,0
58695.0,1,2,100,17,25.336867221336803,803.6505743526719,0
58710.0,0,2,107,21,4.965528768577429,79.23791565839034,0
58725.0,1,2,115,23,54.6524458802647,29.869954053178205,0
58740.0,0,2,87,13,45.09316851268736,72.95709591562402,0
58755.0,1,1,93,16,10.010576825455832,34.4557211816881,0
58770.0,1,1,102,19,62.64585741414964,9.728658364679891,0
58785.0,0,2,88,18,10.588241581713467,1687.7458991898548,0
58800.0,0,2,106,14,263.7318358644555,1509.814657629739,0
58815.0,0,2,79,15,4.893795412055119,945.3259475753134,0
58830.0,1,1,93,25,27.390484618809662,32.98023483072938,0
58845.0,1,1,103,19,424.9731080771273,12.774227731819613,0
58860.0,0,1,66,13,2.122664070739442,71.16290999017284,0
58875.0,1,1,74,14,7.683758532630883,366.31710830720704,0
58890.0,1,1,97,22,525.6457783468876,18.31613787009071,0
58905.0,1,1,75,17,529.2364120179873,8.88298714650532,0
58920.0,0,1,56,12,2.807337424659043,15.035831427082647,0
58935.0,1,1,88,16,2.8725478705983827,823.5639645835829,0
58950.0,0,1,106,18,10.491763682813277,1622.3406736821369,0
58965.0,1,1,125,18,339.19146616336513,26.127548582997676,0
58980.0,1,1,99,15,62.731899693726454,143.58063318709932,0
58995.0,0,1,58,16,1.8306816590938304,2.1573958772861355,0
59010.0,0,1,89,32,2.2311620624046045,5.817749603769629,0
59025.0,1,2,90,28,1.5085165639164086,24.63625756379562,0
59040.0,0,2,96,9,2.347693407361193,10.72175232933012,0
59055.0,1,1,89,15,1.6052843771598004,8.113637932590008,0
59070.0,1,1,96,17,1.9528850313337742,1.9381995731544335,0
59085.0,0,0,89,18,10.200718477525726,5.207368734805572,1
59100.0,1,2,92,13,8.697494890094877,13.084498203191982,0
59115.0,0,2,57,19,9.47851172303063,1630.2417139427362,0
59130.0,1,2,92,17,54.45812226586949,27.782083319592974,0
59145.0,0,2,87,21,9.942116407384283,19.52468984176063,0
59160.0,0,2,83,10,229.08167713864003,813.5092078112608,0
59175.0,0,2,72,17,5.458567022206981,850.7268826057897,0
59190.0,1,2,73,23,160.12149550666598,806.9966921033614,0
59205.0,0,2,69,23,4.123266253393949,3.5213708317251253,0
59220.0,1,2,72,9,739.2577951238525,18.951180715355516,0
59235.0,0,2,49,13,723.071967631552,1.847791678897614,0
59250.0,0,2,62,23,1052.5109106493658,4.420114046476047,0
59265.0,0,1,79,22,1045.7091697732383,25.468086438714906,0
59280.0,1,0,114,12,308.3031054183145,35.281404100574285,0
59295.0,1,0,101,15,803.570196373141,26.153367396968722,0
59310.0,0,2,87,18,6.996608934031269,6.699787544755737,0
59325.0,1,1,97,21,11.984539138852629,18.84044973134879,0
59340.0,1,1,106,15,45.81082708608411,59.12644744750732,0
59355.0,0,1,64,16,104.92446521171547,15.463127903205057,0
59370.0,1,2,109,25,103.98740104349368,9.386315170747263,0
59385.0,1,1,96,34,169.45294711735872,10.678790711354436,0
59400.0,0,1,85,14,3723.0307554687156,70.6281619141604,0
59415.0,0,1,77,12,16.593739927087277,21.378307813129936,0
59430.0,1,2,94,18,10.233671326950759,11.37851304753522,1
59445.0,1,2,106,22,12.143492293011857,7.736675692071589,0
59460.0,1,2,101,15,6.676823075793006,6.606411922849795,0
59475.0,1,1,79,16,9.842842265159026,3.5196892237200927,0
59490.0,1,0,120,26,11.02132216307101,18.281955684042003,0
59505.0,0,1,80,25,3.86519874603988,17.61230786294856,0
59520.0,1,0,98,12,5.201274650125381,13.962614392436867,0
59535.0,1,2,78,18,73.56643831073848,15.940603002858536,0
59550.0,0,2,90,22,9.035489379742893,115.32463974502002,0
59565.0,0,1,101,23,5.510499963995557,1489.369373463823,0
59580.0,0,1,91,15,131.1052191817368,1561.2853212251875,0
59595.0,1,0,74,19,115.84338319430296,7.07870572057473,0
59610.0,1,0,74,33,14.12156471461913,2.2696892635418062,0
59625.0,1,1,72,32,2.766578264114784,8.352463004802448,0
59640.0,0,0,90,20,136.80395895048707,53.06058371101683,0
59655.0,1,1,91,22,1.4577428638922314,3.0918517869688773,0
59670.0,1,0,94,18,2.128102032301379,4.275059454161283,0
59685.0,0,1,77,18,1.847360822833899,3.946344638230271,0
59700.0,1,0,108,10,2.9986509131686807,3.644038436081047,0
59715.0,0,2,71,16,222.53133153604466,7.659720059125676,0
59730.0,1,2,105,20,12.159173672760627,200.4228491146481,0
59745.0,1,2,104,19,5.117111498706218,8.569170934588952,0
59760.0,0,2,88,14,81.40031862980564,13.178861992779094,1
59775.0,0,1,85,16,13.010943753051508,16.99298561999005,0
59790.0,1,0,115,17,5.575326427405961,5.468140227465807,0
59805.0,1,0,112,19,71.3159119010795,5.370791393145572,0
59820.0,0,1,82,11,28.93812438234863,2.792216433374125,0
59835.0,1,0,95,14,4.164197971035146,6.993224428104468,0
59850.0,0,2,114,16,5.97911488635746,817.3364211614482,0
59865.0,0,1,102,23,16.02680629802688,493.5912298343532,0
59880.0,0,1,87,15,694.2010824709129,785.3571764954988,2
59895.0,0,1,68,17,140.09240747422112,1584.883789094804,0
59910.0,1,1,113,19,138.67006910494248,48.42810994670313,0
59925.0,0,0,104,19,3.140402642208036,50.704179122427185,0
59940.0,0,2,103,18,266.2566074331039,915.3890675620107,0
59955.0,1,2,103,15,30.92457004632302,21.192143108090256,0
59970.0,0,1,95,18,6.450752149102824,1.0110811406169562,0
59985.0,1,0,103,14,132.89704174444984,0.8257200132689162,0
60000.0,0,2,64,13,30.87699676589997,117.3794506297142,0
60015.0,0,2,63,13,2.7216267065952584,1055.9706588919764,0
60030.0,0,1,81,21,3.0096993880738374,105.32490283050763,0
60045.0,0,1,85,12,3.474123239862318,854.3534383290372,0
60060.0,0,0,78,11,456.1046680487898,1588.7874665464537,0
60075.0,0,2,72,15,38.3744369678047,1776.2853270708604,0
60090.0,0,1,80,17,6.02786906907856,1826.2304860439403,0
60105.0,0,1,114,16,4.141413247676155,32.03663863545748,0
60120.0,0,1,123,16,21.940997769829988,60.00924856815561,0
60135.0,0,1,101,19,62.554041284467104,2.149331853571972,0
60150.0,0,1,97,15,15.10892177269243,3.330944269393537,0
60165.0,0,1,90,30,5.2600630248007,335.1284392028162,0
60180.0,1,1,95,27,141.04978118664886,1642.155583284046,0
60195.0,0,2,80,16,9.706106205231055,31.01859230212307,0
60210.0,1,2,85,31,1821.32388064929,44.03667225927431,0
60225.0,1,1,105,35,1875.940912179723,12.336978630686845,1
60240.0,0,1,74,13,172.60943611361012,13.279975732203189,0
60255.0,1,0,94,19,538.5457973841997,31.24197061655945,0
60270.0,1,1,104,23,93.23371865605031,25.68894140545449,0
60285.0,0,0,83,18,2261.9398829504553,26.32956134280384,0
60300.0,0,0,59,12,989.7759469844372,762.5060667708841,0
60315.0,1,1,69,14,596.9910996433554,18.940584358204738,0
60330.0,1,1,97,21,318.2799519695682,13.821383372497777,0
60345.0,1,2,103,15,440.11988053677214,1.7726288339269152,0
60360.0,0,1,78,12,11.623224814017906,438.03232122669374,0
60375.0,1,0,72,15,11.268661979898438,31.958625119229907,0
60390.0,1,2,78,22,5.761951749022555,5.708068513897645,0
60405.0,0,2,77,20,17.129008994011564,5.154550692184149,0
60420.0,0,2,92,14,201.8206928528969,33.589019352260706,0
60435.0,1,2,71,14,190.41906198618042,10.749528724016654,0
60450.0,1,2,94,23,20.303775344747947,7.468470635863236,0
60465.0,1,1,77,30,419.1925256623462,1.7949027176200305,0
60480.0,0,1,91,15,99.7803992954731,33.120538509335816,0
60495.0,0,0,88,13,1.7836275079077697,57.0842208607974,0
60510.0,1,1,100,18,1.7319420066618545,12.623768571408426,0
60525.0,1,1,108,14,1.5581088327041208,7.589178307589654,0
60540.0,0,1,81,13,66.82059103682577,6.014528975420175,0
60555.0,1,1,93,15,2.693581494982268,17.43905419201992,0
60570.0,0,0,103,15,11.529939343232053,82.4639543794879,0
60585.0,1,1,111,17,2.2911245037917776,27.926625880862815,0
60600.0,1,1,98,9,33.74536515439822,109.27491497779377,0
60615.0,0,1,46,15,2.468069035646538,21.15156134356178,0
60630.0,1,1,90,15,3.396171880712243,18.48587767446673,0
60645.0,0,1,100,19,10.465259620659149,3.161793258130824,0
60660.0,0,1,93,11,214.17747585750274,50.83757328819041,0
60675.0,1,1,106,13,26.904235039382687,5.407230906497606,0
60690.0,1,2,115,22,40.81597100926801,9.287336396203512,0
60705.0,1,1,100,25,14.460623679134896,4.677991154671455,1
60720.0,1,1,78,12,150.04263590951896,7.3626959281100515,0
60735.0,1,1,64,15,12.617308283082778,409.1760920632244,0
60750.0,1,1,63,20,17.10444067080416,33.50619404980345,0
60765.0,0,1,97,20,18.920390875296857,17.67676212324748,0
60780.0,0,1,97,14,237.36578071965693,80.75193395581778,0
60795.0,1,2,112,15,65.50728691124647,923.1152039674943,0
60810.0,1,2,108,18,126.37612867880846,35.47399787058409,0
60825.0,1,2,94,17,1621.7132453031293,3.3594063907674068,0
60840.0,0,2,87,12,2047.9070047422852,296.64569540902653,0
60855.0,1,2,93,16,2951.4283555593374,51.86388106606012,0
60870.0,1,2,105,16,3031.3971386356393,182.46644136864958,0
60885.0,0,2,74,35,2843.6776577425903,12.444798638407605,0
60900.0,1,2,66,13,59.77394758319079,54.859520480383004,0
60915.0,0,2,47,16,176.3244353052308,344.9709149101108,0
60930.0,1,1,77,23,1428.9391466896816,8.022320109433823,0
60945.0,0,1,88,20,442.4293490945616,35.455565847095585,0
60960.0,1,1,71,14,485.00845973421804,19.908413605493745,0
60975.0,0,1,46,18,49.03329296025099,10.598383942759195,0
60990.0,1,1,85,22,18.221031336521012,383.7125386247854,0
61005.0,1,1,77,15,3.4540633188953853,4.23285585936206,0
61020.0,0,1,60,15,255.4323236335574,108.00484958410406,0
61035.0,0,0,80,13,8.902522710177097,715.54092293437,0
61050.0,1,1,93,19,8.700193935975927,34.759002939703386,0
61065.0,1,1,82,23,74.27304511054024,12.338171253896231,0
61080.0,0,1,56,14,28.681805703974295,87.66574033130574,0
61095.0,0,1,39,14,3.4289871323457373,360.7179289919036,0
61110.0,1,1,61,19,7.640221529560378,17.392692117209453,0
61125.0,1,1,78,18,7.510291779547833,33.58943588087091,0
61140.0,1,1,71,23,10.785322997236284,41.87247108519041,0
61155.0,0,1,57,13,31.395711854585947,20.539254261707754,0
61170.0,1,1,104,20,3.468855898330087,3.772950360271857,0
61185.0,0,2,103,25,10.075908564415593,2.6432175261576663,0
61200.0,0,1,99,21,203.45543360311387,79.40012640439768,0
61215.0,0,1,61,16,3.420595549714346,27.045396484442207,0
61230.0,1,1,84,17,4.95225027719207,29.57117738263758,0
61245.0,0,2,99,19,2.899909106922801,14.898543558747178,0
61260.0,0,1,96,15,209.12023024181923,215.3593956858019,0
61275.0,0,1,73,18,22.08745844335736,1710.8231095145172,0
61290.0,1,2,89,18,171.187061914443,14.303816493127531,0
61305.0,1,2,67,30,579.5536650567346,1.619022308531973,0
61320.0,0,2,72,12,1070.3092607071542,15.878002446087011,0
61335.0,1,2,85,15,1089.7199189925298,9.639151579839192,0
61350.0,0,2,97,14,8.298562018943883,148.1905652167728,0
61365.0,0,2,80,22,5.472875168585746,744.4704888332993,0
61380.0,1,2,105,15,24.83162255946973,312.34380981033445,0
61395.0,1,2,85,14,31.563355252194167,37.47328079310788,0
61410.0,1,1,89,25,134.40916719908068,4.105362702284484,0
61425.0,0,1,73,21,90.68837853232203,3.7216772634678263,0
61440.0,0,1,81,13,3395.803545709467,397.78654968730166,0
61455.0,0,1,66,16,3372.5036727634683,1647.0747998253355,0
61470.0,1,1,99,28,1735.1591046889655,2231.4870454934035,0
61485.0,1,1,91,33,39.03308215800333,15.754413491976605,0
61500.0,0,0,71,12,107.2296788463897,63.262199688817695,0
61515.0,1,2,85,17,10.581568828811118,152.0840030596803,0
61530.0,1,2,91,21,68.68084795232906,73.38202711422343,0
61545.0,0,2,77,27,3.0357723681442677,37.28875176038429,0
61560.0,0,2,83,29,167.5616527989937,801.7529258908813,0
61575.0,1,2,92,30,1.6527053944819265,39.61463373207992,0
61590.0,1,2,104,26,2.6501985145882574,15.497735283265236,0
61605.0,0,2,109,16,2.040099453887738,4.458320538624849,0
61620.0,1,2,109,13,8.257842721890986,15.311459062498404,0
61635.0,1,2,91,15,13.55006867527622,12.185961416168922,0
61650.0,0,1,92,23,4.542878882524872,9.204315784330394,0
61665.0,0,0,89,17,24.627773445204756,6.927944024118307,0
61680.0,1,0,97,9,57.89452919927138,58.178103219726424,0
61695.0,0,0,74,11,3.706670626733248,19.001095511926057,0
61710.0,0,1,86,20,51.427196236706884,19.282714222681744,0
61725.0,0,1,91,24,2.3816210626841894,789.469978977078,0
61740.0,0,1,87,12,535.8407831206775,1689.9945117263583,0
61755.0,1,1,106,14,1.6571465614411036,1012.4075997417709,0
61770.0,1,1,121,18,2.1828587994456403,32.6358375304732,0
61785.0,1,2,113,11,4.085612232483801,1.2639374577338074,0
61800.0,0,2,73,12,21.201912410068736,54.82850992021979,0
61815.0,1,1,88,18,7.861959222131734,11.164163341033907,0
61830.0,0,1,82,24,4.484475692530816,606.1130009290163,0
61845.0,0,2,90,26,20.576392418237575,789.220012649041,1
61860.0,1,2,109,15,39.19684482950554,132.68250241599077,0
61875.0,1,2,99,19,6.6282711787452335,19.045986851952538,0
61890.0,0,2,95,19,15.716096408411838,7.3416526838226845,0
61905.0,1,1,120,21,78.17080246408219,2.4994137883644516,0
61920.0,0,1,100,13,2751.6997896217235,5.441940500347034,0
61935.0,1,1,97,15,2905.13552123867,11.904991617038426,0
61950.0,0,1,107,14,100.74899185041407,12.87536168270976,0
61965.0,1,1,112,10,20.110883704063934,15.87600382233047,0
61980.0,1,1,98,15,477.67482597384793,6.329181821103186,0
61995.0,0,1,56,15,5.132495694484502,9.172010922251951,0
62010.0,1,0,106,18,3.3430113775506243,11.301748641661375,0
62025.0,0,1,77,15,3.23101324820045,17.849670060797557,0
62040.0,0,0,87,24,198.0918925922326,91.93139334910367,0
62055.0,1,1,87,23,12.567368599028432,7.382653029716543,0
62070.0,1,1,106,24,45.21814347946021,5.048090981171766,0
62085.0,0,1,79,16,106.83771478889703,7.18932175716298,0
62100.0,0,1,34,13,126.98777169913895,58.50313605031432,0
62115.0,0,1,59,12,1.9336956259759397,13.931528324364912,0
62130.0,1,1,94,32,1.8308940797477997,7.736027515557592,0
62145.0,0,1,76,19,1.662032335203061,2.877909062411843,0
62160.0,1,0,75,11,1.693319013781388,2.9597336906127945,0
62175.0,1,0,71,20,53.35003896649143,10.10797400439555,0
62190.0,0,2,86,21,3.780108872256031,1849.9802451885362,0
62205.0,0,1,81,22,2.4092416237877687,2385.498213683863,0
62220.0,0,1,95,15,412.9668651815485,909.8679366915287,0
62235.0,1,0,111,21,7.140460479470299,847.4019317181283,0
62250.0,1,0,117,35,399.7247993046783,9.897760990615268,0
62265.0,0,0,93,32,46.12002349632282,2.4648900540403287,0
62280.0,1,0,108,26,15.14593541144272,41.35466052495234,0
62295.0,0,1,67,26,26.16720845428211,1.4364719049350405,0
62310.0,0,1,83,15,426.20552975728174,1.942281412382135,0
62325.0,1,1,85,16,1457.750535995673,3.358298409645613,0
62340.0,0,1,53,15,1126.0520581374421,179.12384214684366,0
62355.0,0,0,47,14,128.3700856836067,29.27770686567834,0
62370.0,1,2,104,19,21.899803210562627,17.309006462478255,0
62385.0,1,1,93,21,17.583741129820176,5.408742351342527,0
62400.0,0,0,82,12,85.42870956851746,2.187185635076795,0
62415.0,0,1,72,15,24.184005996840913,3.7701447380776614,0
62430.0,0,1,89,23,40.56652561691303,1785.4799983581663,0
62445.0,1,1,102,27,12.87851845262219,8.504907350561636,0
62460.0,1,1,87,14,86.0363498579108,23.091610429804152,0
62475.0,0,1,56,21,12.315849650120333,4.7882120743559415,0
62490.0,1,2,108,19,32.19573776069904,299.91055557587333,0
62505.0,0,1,74,14,5.638426191669417,36.564678101493186,0
62520.0,0,0,80,25,33.73477183681437,1824.4866293663529,0
62535.0,1,0,91,29,30.5848534553562,16.63890893721631,0
62550.0,0,1,100,29,7.562560244102826,15.256487443029103,0
62565.0,1,0,117,15,6.28321752773444,6.144689139521763,0
62580.0,1,0,102,14,89.9524429584147,1.9458582200540493,0
62595.0,1,2,78,16,683.3444256837316,1.6538792225615078,0
62610.0,0,1,97,23,1.452851857737537,3.9036390241286414,0
62625.0,0,1,92,18,128.84785762533133,1665.281388685376,0
62640.0,0,1,61,14,361.34095416767707,1575.557422938105,0
62655.0,0,1,74,16,1.695989859314253,777.2512482812831,0
62670.0,1,1,57,20,1.9333407774376585,1463.1396878090811,0
62685.0,0,1,75,15,9.740733639447921,1542.4250943471995,0
62700.0,1,1,102,12,10.581632865773098,149.8911747875172,0
62715.0,1,1,97,12,814.9983151871899,5.240473905597487,0
62730.0,0,1,99,24,5.828519282392787,2.2140784367501305,0
62745.0,1,1,98,20,11.321403144176521,9.124604772996804,0
62760.0,0,1,86,14,36.93743483880778,477.1341255603855,0
62775.0,0,0,75,15,7.641366220262003,26.891488057713662,0
62790.0,1,1,106,21,17.905711641233555,16.17096834001648,0
62805.0,1,1,101,19,56.76436028884427,15.73394804461443,0
62820.0,0,1,87,13,9.604728251346414,53.74093800535214,0
62835.0,0,1,82,9,2.9537790066930762,807.2030231013707,0
62850.0,1,1,101,18,3.2499501739338523,4.903715449312756,0
62865.0,1,1,106,22,11.190228111529576,3.939298123951795,0
62880.0,0,1,91,24,110.2743737015538,72.38777204051192,0
62895.0,1,1,93,15,3.2703723715593718,403.17046019783857,0
62910.0,1,1,98,19,93.79988967020053,65.12161187312174,0
62925.0,0,1,77,22,2.2772582262981573,51.73961586880364,0
62940.0,0,2,71,17,22.3218083055477,89.97082338401202,0
62955.0,1,2,96,14,1.9522425088264803,14.482810357344302,0
62970.0,1,2,122,17,4.7507846297037,5.494710372645808,0
62985.0,1,2,103,23,887.8883773518721,2.24341450483851,1
63000.0,0,1,80,22,9.608218984378796,25.045875075765505,0
63015.0,0,1,92,19,5.49606290470703,3.1655456306881087,0
63030.0,0,1,92,18,2.80711492523389,16.006343630419053,0
63045.0,1,1,118,19,2.7122263363097225,1587.8364993633425,0
63060.0,1,0,109,9,29.352852635389326,73.57441861568502,0
63075.0,0,1,62,18,7.807827906052215,8.973399783588762,0
63090.0,0,1,93,20,2.3701967871189256,19.248046241100976,0
63105.0,1,1,90,19,2.0262808998708373,4.281556427901666,0
63120.0,0,1,97,16,49.22885310410177,1764.2750406729122,0
63135.0,1,1,90,13,1.445000616150899,10.931879581891147,0
63150.0,1,1,111,27,1.5829483543585523,9.45952743247998,0
63165.0,0,0,99,13,1.0627100287725593,4.803645580921571,0
63180.0,0,0,89,12,190.15217917805614,27.84084910350859,0
63195.0,1,2,95,15,1.2993294343913422,27.379203126272095,0
63210.0,1,1,113,22,5.347741775706979,2.522187422934679,0
63225.0,0,1,92,16,1.8483347068670184,97.5178684724358,0
63240.0,1,1,94,15,6.675406455560078,7.488484271708575,1
63255.0,1,1,92,17,344.82790455835647,10.335188251046711,0
63270.0,0,2,90,22,1301.8031905652638,7.498059472216826,0
63285.0,1,2,106,18,909.5993257320716,6.912959508373589,0
63300.0,0,2,88,13,111.6802383884144,68.69033905017719,0
63315.0,0,1,70,19,33.07289633089652,164.56518230504534,0
63330.0,1,1,102,19,254.7180277676091,33.865541817378414,0
63345.0,1,1,103,32,3751.3615657668306,2.235292862254537,0
63360.0,0,1,92,14,106.47379565418076,10.869563637116475,0
63375.0,1,1,95,18,160.51086739416849,20.60510105120107,0
63390.0,0,1,93,27,27.893918693008917,13.812114735236545,0
63405.0,1,2,115,21,40.07613191689837,8.651736299100008,0
63420.0,0,2,99,12,45.72589074208293,10.952699753774748,0
63435.0,1,1,61,16,2.5866849967832146,9.4003828455599,0
63450.0,1,1,86,21,1.8297002449749336,6.274369026440042,0
63465.0,1,0,88,23,2.0732857187403932,6.946054055076328,0
63480.0,0,1,60,13,7.617740276939063,17.7177912750905,0
63495.0,1,1,72,14,33.508824125548976,97.16491638943913,0
63510.0,0,2,94,22,23.37392664595547,1575.9769701122968,0
63525.0,0,2,104,17,3.052302830593777,2231.0041177583403,0
63540.0,0,2,79,12,355.1610414967996,1023.3193009287027,0
63555.0,1,2,114,17,2.845118322915358,815.3843267929535,0
63570.0,1,1,118,31,3.094942079120203,15.294996124552029,0
63585.0,1,0,105,18,11.949062975310149,3.453568159830659,0
63600.0,0,1,71,13,4.276569814456468,394.16846549345723,0
63615.0,1,0,82,16,4.276528325982345,91.44492894128256,0
63630.0,0,2,105,22,1.7923040034333488,1687.1863646737452,0
63645.0,1,2,117,25,1.583056780981677,31.15862549766645,0
63660.0,0,2,92,12,79.17974869718161,94.66962297093052,0
63675.0,1,2,89,17,2.186490804668043,17.32597773379692,0
63690.0,1,2,100,21,413.8649397901309,11.41507824046613,0
63705.0,1,2,57,31,70.319758581787,4.935871521432101,0
63720.0,0,2,79,14,68.26940997736719,50.61537778868198,0
63735.0,0,2,79,13,4.242088415501341,261.41453295527793,0
63750.0,0,1,94,25,11.472732785788871,447.09264284087953,0
63765.0,0,1,90,26,215.87188272689062,1451.8300651029665,0
63780.0,1,1,115,12,391.50212044806784,13.476492400716051,0
63795.0,1,1,96,15,148.89712397620505,2.574961704093084,0
63810.0,1,1,105,36,7.0121284272731,0.9831141056883335,0
63825.0,0,1,102,28,10.214977976570278,2.499064893854736,0
63840.0,0,1,104,13,214.74162561506176,576.837558223801,0
63855.0,0,0,70,14,3.6576169477762845,122.14571705067762,0
63870.0,0,0,87,31,7.512518795174224,22.267099378078793,0
63885.0,1,0,110,34,10.70315237734296,11.512704594840924,0
63900.0,1,1,116,24,35.60482237169328,71.71195787223407,0
63915.0,1,1,92,18,531.4652246496427,472.7438443645784,0
63930.0,1,1,112,24,1.8802921620713207,33.31547365736117,0
63945.0,1,0,104,21,3.7037336307955084,5.093543504229524,0
63960.0,0,1,65,15,35.96202980323722,134.60562190464157,0
63975.0,1,1,84,14,2.1670617937761447,711.6071168084972,0
63990.0,0,0,104,22,1.4178508681501223,1033.0151971652535,0
64005.0,0,1,102,16,2.4735502413324517,1602.0655094073766,0
64020.0,1,1,112,9,2.9639689284945026,6.362937458137643,0
64035.0,0,1,102,15,3.319455061064768,2.862561681746742,0
64050.0,1,2,101,24,4.393005262704436,1.8730703469149255,0
64065.0,1,1,92,20,2.7775775084987835,26.005117501402673,0
64080.0,0,1,101,12,36.880909762269404,58.31410630838253,0
64095.0,1,2,98,20,2.8034935032854107,1810.5175400799126,0
64110.0,0,2,95,24,2.5605363010170645,1565.6325911433544,0
64125.0,1,2,104,38,8.81593065585186,11.0258939054653,0
64140.0,0,2,92,14,36.1655044585905,70.05254006116077,0
64155.0,1,2,50,21,3.9458044856366077,3.4061448353961077,0
64170.0,1,2,62,18,10.393313784514493,2.4872005921048044,0
64185.0,0,2,90,24,23.142407891394953,2.463503836652831,0
64200.0,0,2,83,15,196.759725729074,60.50804717704071,0
64215.0,0,2,80,14,3.363119951454804,125.55751905158735,0
64230.0,0,2,97,25,13.033317720817225,95.14052678560454,0
64245.0,0,2,81,25,5.196215724118579,1533.1030615224352,0
64260.0,0,1,84,15,781.5025641191061,793.4781028012183,0
64275.0,0,1,65,18,437.5041774891996,1644.7675487188465,0
64290.0,0,0,120,24,153.5471961744931,1685.9016036606024,0
64305.0,0,1,100,22,3.583986657136719,538.0902446434728,0
64320.0,1,1,92,12,3.518975091037536,17.147640848662984,0
64335.0,1,2,91,17,21.164167135692562,1.0753299768398112,0
64350.0,0,2,95,34,1.5927516309922263,1.3339533876783216,0
64365.0,0,2,91,28,1.6245516478147684,4.316300664019766,0
64380.0,0,2,93,15,231.1950521047739,1664.7175685459906,0
64395.0,1,2,111,17,1.4629887113780073,68.15346695683209,0
64410.0,0,1,101,23,1.713789462615387,860.3268617628379,0
64425.0,1,0,114,13,1.899726125970719,5.2144898622781675,1
64440.0,1,1,96,22,20.900373820481924,61.18389492149132,0
64455.0,1,1,87,13,6.7748042227449226,98.18421274930716,0
64470.0,0,1,104,18,2.4650953195062084,94.32771352129716,0
64485.0,0,2,104,22,6.844382947278037,258.819969570456,0
64500.0,0,1,90,12,358.73379403118446,196.5580805339994,0
64515.0,0,0,81,12,2.8830401569618718,2496.9274661282743,0
64530.0,0,2,86,21,11.250192133140413,1451.492276565348,0
64545.0,0,1,91,21,8.285091808032696,1458.7945095605646,0
64560.0,1,1,92,13,24.111430790468805,1522.881999131318,0
64575.0,0,1,86,16,15.53942826030745,1695.3438239929992,0
64590.0,1,1,83,20,8.285719297994655,5.834069770358995,0
64605.0,0,1,88,22,23.64532891746203,2.335116299348983,0
64620.0,1,0,117,10,36.00447489641218,70.96295933036298,0
64635.0,0,1,90,10,3.469517788802705,2.611809454383081,0
64650.0,0,1,93,19,29.201431025998286,7.391447731967771,0
64665.0,0,1,95,18,2.4775650522457684,952.6749058232255,0
64680.0,1,1,113,20,6.298796377970884,1598.6366874761968,0
64695.0,1,1,106,15,2.284755233134567,16.07030395488384,0
64710.0,0,1,94,18,1.719948230067373,3.7853093562267106,0
64725.0,1,1,111,14,2.7113557525330427,2.89401317387855,0
64740.0,0,1,78,14,64.51956139166637,415.64124445606546,0
64755.0,1,0,90,11,2.184368338896472,284.76401411447296,0
64770.0,0,0,98,14,2.235962826043948,16.53726809264925,0
64785.0,1,1,106,18,2.5051176179934416,6.980438982476572,0
64800.0,0,1,101,24,123.52625938853062,70.09106703685934,0
64815.0,1,1,93,28,2.680321203360168,2.8323546661977517,0
64830.0,1,1,110,32,11.088319039563473,1.3656225601172527,0
64845.0,0,1,96,37,3.456443094801116,0.9234899636277302,0
64860.0,0,1,89,24,52.123145439293914,62.684018950329246,0
64875.0,1,1,86,22,4.7914491235179515,10.200976875763583,0
64890.0,0,1,78,25,14.402359942425655,3.946268211534736,0
64905.0,0,1,78,29,410.9027203276349,3.526983642386371,0
64920.0,0,1,71,26,946.0065197244389,2.275273915325867,0
64935.0,0,2,73,18,556.215729407719,76.78818389010249,0
64950.0,0,2,86,22,550.1372690793896,65.22746863627577,0
64965.0,0,1,88,20,226.90079299484628,33.85737477248938,0
64980.0,0,1,87,14,153.04468692881937,1643.9247877615512,0
64995.0,0,0,132,14,10.40032984770747,907.627774199161,0
65010.0,0,0,114,28,4.8287866692625006,961.67094651188,0
65025.0,0,1,72,29,10.149227483166838,992.430141757638,0
65040.0,0,1,83,10,818.38795035325,1032.3574750077767,0
65055.0,0,1,82,18,7.756499918237702,1.6575768768739065,0
65070.0,0,1,78,21,1547.1322275067268,1.434143791357604,0
65085.0,1,1,88,22,760.0240455186333,378.1590628293695,0
65100.0,0,0,96,24,972.1083392713106,3.040876440728757,0
65115.0,1,1,103,26,935.4763554217517,361.73079958939036,0
65130.0,1,1,109,19,946.0061603628611,1555.1289345673858,0
65145.0,0,1,100,15,11.652234112951971,1793.3508421610948,0
65160.0,1,0,118,27,25.59850973709022,833.4399682400029,0
65175.0,0,1,91,28,8.998404395133118,208.35258921842316,0
65190.0,0,1,78,15,5.985081765537503,1186.4584547060733,0
65205.0,0,1,69,18,511.15272907815506,1530.054264698757,0
65220.0,0,2,49,16,559.1836409351312,1570.0285365250666,0
65235.0,1,1,115,16,4.757203409840808,1000.9652335128443,0
65250.0,1,0,126,29,4.813332286219733,3.8531500961086684,0
65265.0,1,2,102,20,2.237690169100347,1.596765487065679,0
65280.0,0,2,71,13,4.48279770585029,448.5931370795268,0
65295.0,1,1,77,16,10.815899228380614,15.968042249242883,0
65310.0,1,0,88,20,379.78612756659464,20.788686733602194,0
65325.0,0,2,92,21,28.419789366657383,9.844498812537244,0
65340.0,0,2,86,15,167.57592489186212,9.784892398059421,0
65355.0,0,2,63,16,29.782269433724384,12.799014724176613,0
65370.0,1,1,94,22,567.828111614842,14.524046370297624,0
65385.0,0,0,86,17,3955.306685712211,59.2690122939792,0
65400.0,1,1,82,12,3805.7817256454205,15.075735832756465,0
65415.0,1,0,103,18,46.064458922538826,43.55522962759611,0
65430.0,0,0,103,36,25.03934779608169,14.824620803916078,0
65445.0,1,0,122,29,6.060038173337955,3.707862261158236,0
65460.0,1,2,112,10,20.686553620764474,62.95874945287792,0
65475.0,0,1,58,15,1.9618567263755295,1.899161888019146,0
65490.0,1,1,106,25,2.3826285315984808,7.8695523070529925,0
65505.0,0,1,78,17,22.90167989452783,345.609949036073,0
65520.0,1,1,76,19,11.741342562062954,2063.242342930951,0
65535.0,0,1,41,14,3.1755652839699655,1904.4266410178793,0
65550.0,1,1,59,21,28.343814216549223,33.52469416801316,0
65565.0,1,1,76,24,40.52673885131949,14.327205567343658,0
65580.0,1,1,61,21,960.2342519602649,14.266121947841075,0
65595.0,0,2,66,15,3.536049838995278,21.387531419488216,0
65610.0,1,2,106,20,4.43769195649112,8.440644211725683,0
65625.0,0,2,101,23,2.151543247715206,37.42542579677309,0
65640.0,0,2,96,13,190.83579654753822,833.2097465577906,0
65655.0,1,1,93,16,1.4815626736134608,18.15678947359679,0
65670.0,1,0,111,22,7.592945131582408,9.017140661487108,0
65685.0,0,0,97,22,2.762783353552914,5.15765639880107,1
65700.0,1,2,103,11,59.049645776710236,176.94661730299376,0
65715.0,0,2,53,10,3.681423645932915,11.962859250171112,0
65730.0,0,1,72,22,3.9217347319262377,11.147444483941568,0
65745.0,1,1,101,27,26.013433157726155,5.662084869064103,0
65760.0,0,1,76,29,112.88010278743585,5.089512601046902,0
65775.0,1,2,67,19,5.4267709528923875,34.592398885199145,0
65790.0,1,1,112,22,6.589370480634057,4.152737517390883,0
65805.0,0,0,96,13,4.80365489208325,20.635258035802988,0
65820.0,1,0,104,15,21.275412011669506,52.35257303962529,0
65835.0,1,1,92,19,38.694789015927114,7.101848129199813,0
65850.0,0,1,103,22,4.403135052055473,9.118480642735413,0
65865.0,0,1,83,20,8.183318755978108,9.43696536852524,0
65880.0,0,1,73,18,380.09099113094396,19.449047405034904,0
65895.0,1,1,94,16,1.3271023642520936,1600.305223845671,0
65910.0,0,1,79,21,1.0984557476453685,1684.802050438376,0
65925.0,1,1,105,15,0.9855826570834514,334.4908622359094,1
65940.0,1,1,111,10,25.395015611528127,78.38376895202613,0
65955.0,0,2,66,15,2.139381991093901,3.7017966094293957,0
65970.0,1,1,111,29,3.66126535114975,3.62691106908837,0
65985.0,0,1,77,22,7.62604457109207,2.7924987434010613,0
66000.0,0,2,80,14,1252.0061023013,57.970095290864876,0
66015.0,0,1,70,17,9.529362496932968,16.79260246223385,0
66030.0,0,0,75,16,6.954530738631601,10.720552053733986,0
66045.0,1,1,114,20,10.31282963028345,1608.5232748151911,0
66060.0,1,1,115,13,201.29852210286904,58.2860999523625,0
66075.0,1,1,99,15,24.952325931517276,4.086425907541708,0
66090.0,0,1,110,18,9.870872019478771,383.61304908998756,0
66105.0,1,2,108,22,4.568662915852971,7.4201268651160355,0
66120.0,0,2,91,13,21.680451796759236,106.03750846058188,0
66135.0,1,1,88,17,2.7348991653761483,21.48660012629388,0
66150.0,0,1,98,21,2.95500007418421,21.5898311615873,0
66165.0,0,1,104,26,12.305796452191855,313.39655144407664,0
66180.0,0,1,84,19,803.9297606409376,343.15258802711224,0
66195.0,1,1,97,13,118.49623063606582,8.907222363895436,0
66210.0,1,1,87,19,5.646195614546438,1.788699388882569,0
66225.0,0,1,105,21,1.4604645974218957,10.486118277751427,0
66240.0,1,1,105,9,1.8431873677735438,4.000994012823916,0
66255.0,1,1,99,9,7.016679648364797,1804.1797754836446,0
66270.0,0,0,104,28,1.5090747895338197,712.6794139765642,0
66285.0,0,1,94,30,2.8175257462303054,28.003629617714466,0
66300.0,0,1,74,12,359.38351046042914,445.031135715173,0
66315.0,1,1,112,19,3.7386850043739046,20.825018649018514,0
66330.0,1,1,120,21,6.456575005476964,6.043092256260262,0
66345.0,0,1,87,15,26.393399753742063,1.7201323994534745,0
66360.0,1,1,97,10,11.468668537328627,16.077778087132643,0
66375.0,1,1,91,15,4.258667906265782,267.745796430322,0
66390.0,0,1,103,22,2.3420949582978436,2347.2497063930814,0
66405.0,0,1,91,18,2.3663794310876063,755.0685116306681,0
66420.0,0,1,98,12,366.045755365523,1512.174246208444,0
66435.0,1,1,119,15,2.188157591244768,30.334770299668598,0
66450.0,1,2,117,19,7.92719515518135,13.967786143798849,0
66465.0,1,2,104,31,5.081715228397317,1.7004937882445958,0
66480.0,0,2,99,28,86.32448970921531,75.52989258739728,0
66495.0,1,2,78,24,5.66520026308004,1683.734438208321,0
66510.0,0,2,96,19,169.48197718277945,30.80787543553636,0
66525.0,0,2,83,22,5.476882505750203,70.84767152507754,0
66540.0,1,1,94,11,11.819901559480364,24.553212136318358,0
66555.0,0,1,83,18,97.12043599579428,3.6309175513118372,0
66570.0,0,1,85,20,18.09478936731124,2.244559126651107,0
66585.0,1,1,81,20,16.866871802021826,3.521820889943662,0
66600.0,0,1,69,13,5.220227949230998,6.180598773871052,0
66615.0,0,0,53,15,7.436705250864585,1667.6334591904163,0
66630.0,1,1,91,18,3.704806060098035,10.027405395442916,0
66645.0,1,0,101,29,5.603588201653827,7.841630550298214,0
66660.0,0,1,80,23,86.78304016999562,60.49457899473529,0
66675.0,0,1,69,14,1.7140432047701997,361.39816987045197,0
66690.0,1,2,103,19,5.470753058452509,20.59920717388988,0
66705.0,1,1,95,22,9.775536379329749,7.595048445297935,0
66720.0,0,0,73,14,1124.2401205405292,72.24076676200585,0
66735.0,1,0,76,15,175.16626441806972,14.435177248454035,0
66750.0,1,1,97,18,63.17491747922075,3.6158591972462264,0
66765.0,0,0,88,33,447.5952087414634,3.4963283748495497,0
66780.0,0,0,88,28,158.31893613044693,30.32203241901138,0
66795.0,1,2,81,24,20.71087052495309,4.229034317204135,0
66810.0,0,2,95,35,13.707991740917917,239.0784067881499,0
66825.0,1,2,112,33,23.86540460563905,15.659585375381761,0
66840.0,1,2,105,14,31.054430579915692,97.64094027509607,0
66855.0,0,1,53,11,4.4924170399185845,5.707126177759789,0
66870.0,0,0,69,20,2.4753793847493455,26.508272117989122,0
66885.0,0,0,71,12,2.77668979516512,25.766855951752238,0
66900.0,0,0,85,15,444.2239203738086,1852.4021723996082,0
66915.0,1,0,107,18,58.204946247203885,119.553672182486,0
66930.0,1,2,121,28,431.33277256023894,19.305888611413767,0
66945.0,1,2,97,26,1004.3117187624289,3.502167981626495,0
66960.0,0,1,96,26,84.88938709512979,4.296171186281436,0
66975.0,0,1,97,20,4.157552930616775,4.146860386281325,0
66990.0,0,1,95,28,1.7315588210921926,244.79065500388688,1
67005.0,0,1,83,18,81.19228375724455,866.3474897433554,0
67020.0,0,1,68,12,441.02371221260057,1689.1607130020402,0
67035.0,1,2,114,13,12.76087296157326,985.0796195251239,0
67050.0,0,2,83,31,2.9536948176389077,7.187920535118389,0
67065.0,1,2,103,37,2.5219492316008925,0.7188631255465825,0
67080.0,1,1,102,23,3.2227730186686276,1.7554544101408824,0
67095.0,0,1,66,16,2.2296579940565597,139.92017903657347,0
67110.0,0,1,94,21,2.3824460761075996,397.8176642202382,0
67125.0,0,2,89,20,3.7331582782258304,1660.9103860364028,0
67140.0,0,2,81,15,480.64131636552474,2270.435421544918,0
67155.0,1,1,106,14,9.640729630093396,997.1691233545754,0
67170.0,0,0,88,15,98.1902164808055,1499.44010680742,0
67185.0,0,0,63,11,6.135247143137029,38.595401158727825,0
67200.0,1,0,65,12,199.7834036413987,9.06286484187143,0
67215.0,1,1,62,18,1.9721982053250915,2.1608085899454967,0
67230.0,0,1,93,23,3.2764657838076148,2.220731912166653,0
67245.0,0,0,87,18,12.464198941210258,44.4004999275688,0
67260.0,0,1,71,12,531.4572518619872,192.73587213803773,0
67275.0,1,0,112,12,7.7162741094011045,833.7353676530824,0
67290.0,0,1,85,26,3.2237304638976108,54.99980188688514,0
67305.0,0,1,61,25,451.9918740406769,539.2598980193321,0
67320.0,0,1,30,14,1127.1153539477598,683.4986034152907,0
67335.0,0,0,52,17,68.61644118250396,914.028909536155,0
67350.0,0,2,80,21,1125.2961312166608,997.651693088068,0
67365.0,0,1,82,24,27.586399944563517,896.467289582087,0
67380.0,0,0,84,12,7.405320876036599,947.6350793254202,0
67395.0,0,1,97,17,6.540950282647276,5.260040198237396,0
67410.0,0,1,102,24,16.364401617961065,0.6914637036452427,0
67425.0,0,1,109,25,6.436989087783684,1.2726703193403461,0
67440.0,0,1,102,14,197.9107124241121,503.47775265876925,0
67455.0,1,0,102,12,8.177507760782703,376.986628933544,0
67470.0,0,1,95,21,4.332789508799543,179.67942121013428,0
67485.0,1,1,95,21,26.51238728354257,7.800933206623109,0
67500.0,0,2,74,14,19.903715941526134,59.033786137953456,0
67515.0,1,1,89,16,5.3460526026622714,4.369406752938358,0
67530.0,0,0,100,21,2.460048276850593,416.04771146172425,0
67545.0,0,0,98,33,2.697063692447581,625.8043243693731,0
67560.0,1,2,121,16,2.2756247059365053,2333.1737173079105,0
67575.0,1,1,102,16,3.798416935983723,13.739600901966432,0
67590.0,0,0,106,18,1.1260670053949522,7.447627922845647,0
67605.0,1,0,122,16,1.7231781112245392,3.251242227086642,0
67620.0,0,1,100,16,123.13723020099181,6.018167390433487,0
67635.0,1,1,84,17,14.826118191191917,180.96603063490164,0
67650.0,0,0,85,19,3.4688756441477167,209.95266540754207,1
67665.0,1,1,83,15,6.754851670499615,23.657354267756673,0
67680.0,1,1,82,12,48.61290808874948,16.60578998824909,0
67695.0,0,0,68,14,3959.3410725347244,75.40863822627841,0
67710.0,1,0,103,21,3870.7546410360187,3.1196335567146742,0
67725.0,1,1,103,29,3742.5982310877494,3.537978091076694,0
67740.0,0,1,78,13,4011.3212867190164,80.53227026119326,0
67755.0,1,1,93,16,86.78616549963611,422.6366144293515,0
67770.0,1,1,111,20,4064.610990940377,574.4170025674993,0
67785.0,0,1,65,22,132.6390449141216,1484.3847563492604,0
67800.0,1,1,70,13,30.933587430658044,2769.8385561893883,0
67815.0,0,0,45,14,13.135065115868427,2312.8228917799433,0
67830.0,0,0,73,16,13.253657791489516,28.846770308998135,0
67845.0,1,2,96,26,23.72957200870861,8.907505155529044,0
67860.0,1,2,102,15,28.888461147448275,49.61583346087551,0
67875.0,0,1,56,13,5.978357219960934,1.7929585070303689,0
67890.0,1,1,92,32,5.983207287242806,3.556336414365471,0
67905.0,0,2,81,17,1.1107638341969477,8.394699575973053,0
67920.0,0,1,84,12,151.49612334069298,891.4828793973855,0
67935.0,1,1,97,16,1.3518608286402252,14.107699603372126,0
67950.0,1,1,116,25,10.299698639087731,10.375766069602602,0
67965.0,0,1,94,17,1.3752775740970336,3.8661430994607295,0
67980.0,1,1,100,14,16.6856696146296,39.213879927912274,0
67995.0,0,1,66,15,14.30346943993434,26.083671203392345,0
68010.0,0,1,71,20,338.31862572414764,793.3747526165959,0
68025.0,1,0,92,18,20.080145145645925,87.71008595271998,0
68040.0,1,0,94,13,643.6814262362938,62.76868960497491,0
68055.0,0,2,49,14,3788.303291467612,22.917959505328813,0
68070.0,0,2,70,22,3765.204383141507,52.36341826494583,0
68085.0,1,2,101,20,3796.4684569347814,11.001083650966585,0
68100.0,0,2,84,25,48.137419041013395,14.312953444621716,0
68115.0,1,1,61,20,9.237752363254124,9.660145097998338,0
68130.0,1,0,107,21,5.027865740274534,6.820551672885611,0
68145.0,1,0,99,42,6.115539490746849,2.4909170970961383,0
68160.0,0,2,85,16,23.861839853522245,113.82981986419989,0
68175.0,0,2,80,14,1.4493850792114755,11.029488847791999,0
68190.0,1,1,103,23,1.4654714938693214,16.713259599245866,0
68205.0,0,1,94,19,1.371320441816302,32.95933724756009,0
68220.0,1,0,98,13,23.909689991440946,86.53520918922612,0
68235.0,0,1,64,15,1.31524699048888,15.969801842513071,0
68250.0,0,0,90,34,1.2911505454980066,1.8947694041266434,0
68265.0,1,2,102,22,1.4451137412877597,378.8572395246033,0
68280.0,0,1,89,15,25.34626014740279,420.8940010916988,0
68295.0,1,1,83,21,2.4048449907771,1532.2539260983285,0
68310.0,0,1,99,19,1.7662497808640338,165.4807633493573,0
68325.0,0,2,88,21,2.093296582988365,988.5344549417871,0
68340.0,0,2,89,20,303.6555317566124,1020.0806903786414,0
68355.0,1,1,108,22,1.978530193807594,852.809038231825,0
68370.0,1,1,110,14,3.559363643800249,12.812217503908148,0
68385.0,1,0,96,36,11.834987663901918,2.2183221605002688,0
68400.0,0,0,57,27,53.8098091379886,453.77092452201117,0
