,action_onnut,action_virtual,reward_onnut,reward_virtual,travel_time_onnut,travel_time_virtual,teleport_number
0,1,1,0,0,0.5979225044873967,0.0,0
1,1,1,11,0,51.44867290818522,0.0,0
2,2,1,6,0,0.6849675920520268,0.5985079806237157,0
3,2,1,0,0,261.67595619361845,489.3904736321189,0
4,2,1,0,0,0.06157282718005806,0.3525897780006308,0
5,1,1,1,2,4.24318830468211,0.8676645471906331,0
6,1,3,0,12,56.40708932871721,89.1939498175139,0
7,1,1,22,3,293.2096671988545,0.7195532201689572,0
8,2,1,2,8,15.36748508816555,98.12164738572872,0
9,2,1,89,4,0.8077397411370426,0.3630028525336764,0
10,2,1,97,12,1.2561750989092224,0.3008930171233009,0
11,1,1,85,18,96.3176003645008,27.102953231861523,0
12,1,1,58,9,7.833427003382624,51.721383805227816,0
13,1,1,66,10,11.06438983521005,154.99850328072793,0
14,2,1,83,9,0.7804917697580525,0.8341036340583521,0
15,2,1,106,8,51.94961101291453,46.58870866614933,0
16,2,1,97,11,14.711050647101295,0.24142801047974427,0
17,2,1,91,23,118.15621079972705,0.2801488171006313,0
18,1,3,92,19,0.9019465855829519,0.2934136476760213,0
19,1,1,96,9,320.29107099517626,163.65909268587157,0
20,1,1,71,16,0.7548500754916836,0.29606667967192235,0
21,2,1,101,15,0.8391583461678488,5.9327360822795665,0
22,2,1,110,19,2.054440416646796,34.71008264436239,0
23,2,1,100,4,25.35458459440924,224.1134192633426,0
24,1,1,83,5,171.73618458948243,83.6556670407663,0
25,1,1,82,22,12.624623396973146,0.27553190641601705,0
26,1,3,58,17,188.8312915662099,0.955205697696827,0
27,2,1,101,7,99.67658661779444,0.5941256697303,0
28,2,1,118,4,11.782299782194766,71.76650199803169,0
29,2,1,112,25,11.816463605699235,63.74271968174655,0
30,1,3,80,18,12.034104169902124,79.16663284251746,0
31,1,1,82,11,161.96222394439584,179.59454189315898,0
32,1,1,56,4,0.7897763036886356,0.295298362752939,0
33,2,1,93,16,167.87147626372908,0.5944839847430582,0
34,2,1,123,10,44.80118562147504,249.1959480946223,0
35,2,1,122,4,5.652149509553543,34.12961891024666,0
36,1,1,60,6,29.599221816487137,190.3653713455273,0
37,1,1,64,7,153.80656642414272,135.99578152162866,0
38,1,3,50,15,9.291074482806618,68.9345558725364,0
39,2,1,86,8,342.98566643148894,178.9869526202855,0
40,2,1,76,20,345.155098489669,0.2933887866939108,0
41,2,1,86,10,256.71101504230575,171.45922925325718,0
42,1,1,80,8,236.81602177557716,83.28553838772477,0
43,1,1,50,18,357.7253097630983,352.1187322608068,0
44,1,1,48,20,223.39510768256926,95.06950143461115,0
45,2,1,96,14,46.466449078443226,99.1089979433111,0
46,2,1,106,3,19.235642570410093,123.55187956449097,0
47,2,1,89,25,121.33208337803514,345.8610902248079,0
48,1,3,75,13,25.694501482818584,802.9198249512607,0
49,1,1,74,9,123.29863878621445,1126.8998167759332,0
50,1,1,44,18,639.3485172971107,1641.0990593389495,0
51,2,1,96,6,678.1633234914306,546.6855135871406,0
52,2,1,97,21,314.33987296769783,310.7287741503689,0
53,2,1,95,17,1482.0816030418478,800.9780628359445,0
54,1,1,78,2,1.9283122861823188,1907.096373680103,0
55,1,1,84,24,78.15625282362244,1644.722555177352,0
56,1,3,75,15,12.190302738131924,1903.6360946393418,0
57,2,1,108,13,40.20406232606304,1716.1251590248646,0
58,2,1,123,9,36.158408631172435,1730.6549593583215,0
59,2,1,99,10,1142.8085522075712,1964.8677902883633,0
60,1,1,61,26,138.9384872899905,1140.1933824570265,0
61,1,1,49,5,133.87949471236635,1192.6492825936486,0
62,1,1,45,23,165.6309319487481,388.6664724283094,0
63,2,1,65,3,387.6561570312454,805.0973173484149,0
64,2,1,86,13,419.24758646143573,793.9934786723522,0
65,2,1,82,22,1656.897280839516,1626.6273367602785,0
66,1,3,61,14,154.91093194813843,2051.6259871891584,0
67,1,1,59,0,157.61050036538882,1547.4016139956966,0
68,1,1,53,7,379.9330928727661,2584.253896643446,0
69,2,1,64,10,576.2545348518241,2464.053705501764,0
70,2,1,82,20,678.2844583071279,2443.6508231853586,0
71,2,1,79,2,1517.696034213203,2539.0852123562454,0
72,1,1,60,11,381.1933249983793,2616.1456722330136,0
73,1,1,55,18,121.29793420694169,2443.3730716337054,0
74,1,3,44,10,127.2975230767983,2362.961886803195,0
75,2,1,54,1,496.4280125059284,2464.197776969036,0
76,2,1,68,6,386.3566282369249,2616.154351657557,0
77,2,1,65,12,1387.8555562623076,2435.7361440575496,0
78,1,1,61,4,264.92104344686663,2436.200925033646,0
79,1,1,56,10,139.81520074191724,2612.0341420774234,0
80,1,1,45,7,181.76722809302882,2584.232751549628,0
81,2,1,52,4,307.7990804768149,2533.6606411763646,0
82,2,1,72,3,446.7890058175023,2522.796142773973,0
83,2,1,72,11,1261.5918916712928,2600.5062423755558,0
84,1,3,61,1,120.84261901110722,2584.246406285946,0
85,1,1,46,12,111.45469945374191,2584.236773466961,0
86,1,1,44,20,103.46256953568258,2388.509225264056,0
87,2,1,66,2,75.78598113105132,2550.451460841834,0
88,2,1,89,11,163.82516563793382,2329.5740281651806,0
89,2,1,85,31,1032.5662720183977,2149.428428110299,0
90,1,3,85,22,48.546364036105416,2321.2601641411975,0
91,1,1,69,6,351.81120865318064,2548.1544514535253,0
92,1,1,65,24,16.298401485647602,2295.4840711783622,0
93,2,1,90,33,24.859767416501725,2377.5526412191102,0
94,2,1,102,24,301.5192565333029,2336.8672234678784,0
95,2,1,89,6,1407.8760569250715,1279.4491191010313,0
96,1,1,59,13,269.0562479895954,670.8949562009656,0
97,1,1,75,16,346.1260809648003,445.3585402010819,0
98,1,3,42,1,308.7508561375306,397.6719954648552,0
99,2,1,62,12,427.81344602251943,333.7669077664605,0
100,2,1,85,6,464.436676736079,737.2907943146524,0
101,2,1,82,21,1204.9085167127105,867.6855394986676,0
102,1,1,64,21,410.7918328050051,703.120531283662,0
103,1,1,52,4,354.16561701699396,1459.4278261954848,0
104,1,1,43,10,523.0833226150357,560.9774545732791,0
105,2,1,64,17,618.8843953945006,620.3982843867964,0
106,2,1,84,19,612.3853519668697,728.9202334185629,0
107,2,1,82,4,1429.8258605439785,2194.5520530177073,0
108,1,3,52,9,496.87204668205635,2761.761203344244,0
109,1,1,42,13,311.9264543434227,2663.708749247859,0
110,1,1,29,10,302.55667062624366,2717.183386113385,0
111,2,1,67,10,304.1618304386886,2741.754331473216,0
112,2,1,83,5,23.44864158893824,2734.4261337595617,0
113,2,1,99,5,742.9093087226244,2156.5246294600915,0
114,1,1,76,6,47.40860670770478,1473.199251919125,0
115,1,3,77,17,416.5699225389529,1468.6437180955184,0
116,1,1,81,22,188.58446079927427,1188.6137344861193,0
117,2,1,87,23,58.07046434308347,1094.2645287637354,0
118,2,1,94,23,123.54783152664749,1412.0101290624305,0
119,2,1,105,14,398.08347584283234,1282.774730437012,0
120,1,3,74,18,885.9610201536385,854.9194956956447,0
121,1,1,63,13,151.92509325159304,36.87591881254313,0
122,1,1,60,10,119.59165256762405,490.3364511347926,0
123,2,1,84,19,818.5699374726933,1186.0343451269875,0
124,2,1,84,11,1236.4560893221524,1462.1808607177427,0
125,2,1,89,21,1696.827200033646,704.0774452600352,0
126,1,1,61,29,752.4905585181617,843.2747071657151,0
127,1,1,56,4,974.3980807197426,1193.5275472152337,0
128,1,3,47,17,936.7011111849121,1675.7355520254673,0
129,2,1,59,10,863.2586753115055,2084.7846060028946,0
130,2,1,66,4,965.0348593804116,2167.3902644551777,0
131,2,1,68,4,2950.931626370464,2271.8571556623774,0
132,1,1,65,2,2794.8061920739096,2271.8378304089993,0
133,1,1,59,9,2151.945162477096,2161.030164235883,0
134,1,1,43,20,2137.8482896209075,2117.5118000345683,0
135,2,1,62,1,2057.9660067597392,2193.9387488921006,0
136,2,1,86,11,2321.2974480794273,2251.518080172535,0
137,2,1,70,10,3139.9333469092026,2135.0179412724524,0
138,1,3,59,3,2773.4304133136957,2243.1340845412105,0
139,1,1,50,10,2194.717674203848,2330.529907324334,0
140,1,1,39,5,1389.7224694974125,2223.359972023598,0
141,2,1,53,5,1427.3781142018902,2143.022545137387,0
142,2,1,79,1,1909.0256400722562,2109.8008862928755,0
143,2,1,92,19,1474.3484481035443,2264.5118076751114,0
144,1,3,79,4,1161.0590515561498,1935.5008515162283,0
145,1,1,87,9,1861.405018304667,1703.594700443904,0
146,1,1,82,20,1459.573650695027,1742.9706180949581,0
147,2,1,95,10,1520.4100346240393,1051.896589855722,0
148,2,1,93,7,64.9089736659042,888.662037302986,0
149,2,1,85,24,726.648798062837,7.05033573963285,0
150,2,1,81,17,597.4854488527415,7.56712992074167,0
151,2,1,62,21,1026.722194739689,97.19048402298272,0
152,1,3,94,18,698.9046787414745,1.1680222613568993,0
153,1,1,103,17,244.51540983431087,0.6462406492415023,0
154,1,1,101,19,539.2732923969205,47.76202597812301,0
155,2,1,73,6,54.77623686620631,109.14178950706349,0
156,2,1,108,13,587.4048407952087,0.980982390799231,0
157,2,1,95,18,1033.878738030728,0.49642522240211295,0
158,1,1,93,23,846.4240408968869,35.52675324407512,0
159,1,1,85,9,1088.383379764803,16.51935048654165,0
160,1,3,71,16,2115.775598360779,2.2126307880291582,0
161,2,1,94,15,1752.1808434590516,83.59652792916326,0
162,2,1,101,13,464.7948557928996,126.46855390577316,1
163,2,1,97,8,53.7538855919592,118.50194704496033,0
164,1,1,93,8,34.300319069785175,0.6624173209644973,0
165,1,1,84,20,106.29486849596175,143.31940514239778,0
166,1,1,68,27,45.370149636025346,42.04949391337236,0
167,2,1,73,15,274.8407395235261,366.64420172325805,0
168,2,1,84,17,383.6132446637323,180.52334695228492,0
169,2,1,85,19,191.38837168813527,24.48208773185203,0
170,1,3,57,18,301.10033759082893,1097.309950485375,0
171,1,1,58,7,228.9133928355192,137.27708630355826,0
172,1,1,47,10,46.8833145648863,1011.9652880399678,0
173,2,1,67,16,154.6963810972319,1853.6002717292463,0
174,2,1,86,12,758.9125570198568,2962.3655392361816,0
175,2,1,101,2,792.3383971977001,3019.9351659195136,0
176,1,1,60,8,416.92463758089747,3116.2223536966135,0
177,1,1,52,6,396.7830283171747,2882.970824107784,0
178,1,3,41,11,386.80750572897153,2954.7299685012895,0
179,2,1,74,1,29.423638391067524,3052.218657226814,0
180,2,1,116,7,19.650891050091353,3148.481298584671,0
181,2,1,114,8,62.44947691520385,2870.6622607582485,0
182,2,1,97,14,650.9596735505992,2524.0399998626817,0
183,1,1,64,12,318.0009062880026,2437.6174091581634,0
184,1,1,60,21,16.84025158583171,1.3068265945025461,0
185,1,1,57,17,29.402700248588715,9.898716600999473,0
186,2,1,86,11,37.19100355850182,12.663936627155302,0
187,2,1,99,18,341.2060157871836,13.564297725452441,0
188,2,1,91,11,444.70467669402433,13.015407012126511,0
189,1,3,80,17,23.293169540164858,760.2572009397852,0
190,1,1,82,16,134.15132412004704,1674.9204251487126,0
191,1,1,65,10,528.8705965228952,830.1890500099968,0
192,2,1,97,25,349.755914217068,584.0823779559054,0
193,2,1,90,15,935.0695929595199,389.793915846162,0
194,2,1,82,31,1585.4409939492932,462.5366529307407,0
195,1,1,62,23,1445.2093250643231,879.4047869379651,0
196,1,1,55,3,919.4595800483881,1049.8913880459747,0
197,1,3,53,12,2416.5840246848225,2096.2744954402233,0
198,2,1,60,12,2661.983492464345,2385.487145741749,0
199,2,1,82,23,2910.673071272955,2578.8500604340165,0
200,2,1,81,18,4221.2125142975765,1390.8821268430686,0
201,1,1,62,10,3220.4237138750086,1431.0030634681139,0
202,1,1,51,19,2817.8276489403024,2488.808357391905,0
203,1,1,44,9,799.8839664917009,2874.0447599891495,0
204,2,1,54,5,2833.047362121591,2910.9053555403802,0
205,2,1,62,10,3684.112969190363,2889.894528754631,0
206,2,1,61,16,4038.616214094667,2833.5682526786536,0
207,1,3,61,1,3248.933378417231,2869.703682646228,0
208,1,1,52,7,3082.1730651485545,2997.7151015481145,0
209,1,1,30,8,3503.5805407489506,2828.851558084788,0
210,2,1,40,9,3840.232023925905,2809.075100594133,0
211,2,1,52,1,4188.042159202462,2936.187998625329,0
212,2,1,54,10,4103.489467442832,2997.7188599747606,0
213,1,1,35,23,4032.238784535139,2869.2542614159242,0
214,1,3,27,15,3818.5270943388523,2825.4161237288235,0
215,1,1,30,3,3826.478705290842,2890.223960671385,0
216,2,1,30,6,3902.90382876699,2932.0766057590004,0
217,2,1,42,10,3891.6564429794066,2848.9105608940595,0
218,2,1,43,7,3850.81857661319,2770.846066077236,0
219,1,1,54,1,3085.2564501680504,2904.1975494550747,0
220,1,1,47,11,2584.088878199563,2799.800422074452,0
221,1,1,39,14,2799.1283666088625,2758.57778479781,0
222,2,1,55,9,291.7606162295096,2639.927620348276,0
223,2,1,83,14,432.94672335185254,2817.5120718702537,0
224,2,1,79,13,510.7809727814869,2723.9492073917368,0
225,2,1,58,33,386.3349423247401,536.1870641366218,0
226,1,3,70,22,648.2339098883394,2390.7522206449416,0
227,1,1,85,10,184.82327254298866,2740.565389491584,0
228,1,1,85,19,146.5245185392113,64.3596792269641,0
229,2,1,110,25,225.93234607696203,211.58087945641287,0
230,2,1,126,22,120.65307963853535,26.356178378996404,0
231,2,1,118,18,1067.272874381879,121.05123518001285,0
232,2,1,91,25,813.9273700125271,7.5137093627045015,0
233,2,1,92,21,1762.3566450115914,1412.6942190222594,0
234,2,1,57,12,1662.1717170344227,2148.309878495875,0
235,2,1,71,12,1509.4415939689602,645.9487493524258,0
236,1,3,83,21,807.0554674685595,8.518211574734424,0
237,1,1,90,23,68.98785037864134,2.463992274070026,0
238,1,1,87,18,1583.0425990732574,42.77846238166086,0
239,2,1,100,19,96.78995671298561,66.34019535054665,0
240,2,1,107,11,28.52285436974886,47.5425975884011,0
241,2,1,105,14,662.8536244911891,566.6412938282599,0
242,2,1,75,19,629.4197156424175,1313.2019018093986,0
243,2,1,86,24,751.2550067474622,1592.9939308607895,0
244,2,1,66,20,705.8655018488649,1418.1055698955527,0
245,2,1,45,28,1415.8965053173017,191.06558929999255,0
246,1,3,94,15,787.8451839537594,17.483092795425566,0
247,1,1,113,18,2006.7524571379374,55.58092768784843,0
248,1,1,108,15,1028.5143770796585,1.5542971728482247,0
249,2,1,96,16,26.728778097626304,2.6339173055762326,0
250,2,1,125,16,8.003308422239076,20.314226460514316,0
251,2,1,95,19,658.5584368503439,68.96669786155198,0
252,1,3,99,20,104.11858544338439,16.938999664130353,0
253,1,1,114,21,7.948648670307384,1.6770835894592302,0
254,1,1,115,11,2.98601788762999,80.93793730693247,0
255,2,1,100,17,13.093167688736099,54.46824725056631,0
256,2,1,107,12,4.408567720059175,17.127128787958892,0
257,2,1,90,21,29.806565614691284,3.828304036119298,0
258,2,1,85,15,767.719074515821,10.822466773017766,0
259,1,1,74,14,19.273537518289892,72.38274472050725,0
260,1,3,101,16,5.11473261598693,2.2958196588673943,0
261,1,1,92,20,6.864424239467863,1662.043017516027,0
262,2,1,81,15,11.228189519874665,65.02860021045011,0
263,2,1,63,13,97.56179426628998,41.35830790519767,0
264,2,1,43,9,61.49922510326703,17.18747272148939,0
265,2,1,74,12,365.7380865442888,13.68563112894363,0
266,2,1,49,18,1024.5895104291242,13.132237484836699,0
267,1,1,83,21,118.6412515472521,47.691250653706206,0
268,1,3,103,16,26.43076935774938,2.411816347995893,0
269,1,1,97,22,1863.9453408237832,4.818532823492023,0
270,2,1,113,16,34.5801955688501,18.246155727967132,0
271,2,1,128,10,154.31143090672492,16.074797823067296,0
272,2,1,89,19,529.6941127115933,9.344246812434085,0
273,2,1,51,12,1013.0706079614297,1.6654371534754784,0
274,2,1,38,17,810.8671721674732,12.267926175455614,0
275,2,1,104,20,122.67178718149992,39.49350907549767,0
276,1,3,68,9,130.70401639101792,15.177231417579021,0
277,1,1,101,25,1535.3832450413013,15.319650400602958,0
278,1,1,99,12,350.0140637787127,13.29652735187015,0
279,2,1,111,21,50.03438779102383,47.26908483402525,0
280,2,1,90,20,159.46825649255106,1.779211955558926,0
281,2,1,97,26,282.7895097521278,1.2590625275547909,0
282,2,1,28,33,562.8384806143032,19.278899070876697,0
283,2,1,42,13,593.7624709346754,57.799495543745486,0
284,1,3,45,16,36.41752822207665,16.24145460080128,0
285,1,1,93,21,125.72669920571806,91.37694443168598,0
286,1,1,99,35,3.27425104091272,13.011346292224731,0
287,2,1,99,12,14.004393231295484,54.9088782361572,0
288,2,1,98,24,5.631452690594758,1.480889465043914,0
289,2,1,105,31,17.647365555825715,19.933430486957246,0
290,2,1,90,14,181.62055771767896,86.92357555199122,0
291,2,1,79,7,781.5535115906121,125.67315436903417,0
292,1,3,62,23,15.943978815740264,31.261242398353748,0
293,1,1,90,12,4.545147990809494,135.2362153438619,0
294,1,1,100,20,16.88047610278942,54.60346200628997,0
295,2,1,104,10,14.270398684326482,956.1429253628579,0
296,2,1,89,15,6.474960606300969,8.197167604259262,0
297,2,1,90,16,63.65996706329401,5.993111698597794,0
298,1,1,86,21,9.564868384296224,23.43985536131564,0
299,1,1,72,14,8.691013546932338,13.852764331383067,0
300,1,3,88,16,18.05390495672816,17.015985111011982,0
301,2,1,114,12,4.2555801011533045,975.2927645777007,0
302,2,1,121,21,26.02357940760356,17.545128330868355,0
303,2,1,94,14,514.2290640293394,5.9071387010868115,0
304,1,1,58,14,330.2807503076758,11.879605406691384,0
305,1,1,90,20,122.26901532937082,15.98035560988017,0
306,1,1,85,12,555.9629317752447,21.515728575737974,0
307,2,1,98,19,775.3661914015602,43.21548231327173,0
308,2,1,106,15,1081.9523353424274,18.228154424201527,0
309,2,1,70,14,1087.4098958486857,28.320606234257646,0
310,2,1,69,15,1062.9272384375795,22.28834497968034,0
311,2,1,57,9,1114.5888296765215,16.592840101854442,0
312,1,3,44,13,754.5098563454789,38.195950248919054,0
313,1,1,82,12,742.0214885337417,6.036285971986593,0
314,1,1,92,15,27.345648500420054,29.467755465414335,0
315,2,1,99,9,54.74552576454492,1.6022718026276201,0
316,2,1,78,14,2199.070354475291,26.683767552930675,0
317,2,1,105,13,695.0432901233447,3.409381236222409,0
318,1,1,85,20,410.8369881124949,25.14468072596089,0
319,1,1,100,17,298.75780327458784,11.117130701590677,0
320,1,3,74,15,437.1127844395704,1.916235134883475,0
321,2,1,74,23,3031.4431596114086,2.1089530628845545,0
322,2,1,57,27,3310.571842281115,15.765289514960799,0
323,2,1,61,9,3303.0639115120584,43.82263606004553,0
324,1,1,45,18,2894.182727084511,42.44187953715453,0
325,1,3,81,18,2916.6354653739663,12.797465458643249,0
326,1,1,89,18,2892.7904125602745,27.14758110557313,0
327,2,1,94,11,2949.37627612228,1783.134008051878,0
328,2,1,111,14,2759.6246272917365,26.153461081726306,0
329,2,1,112,31,2940.047727050476,25.869220754991417,0
330,2,1,70,15,3227.0692428707894,15.441883839735805,0
331,2,1,44,15,3210.6988816678613,10.84544981482309,0
332,1,1,63,13,2946.9665775353474,2.356226620216224,0
333,1,3,80,18,2711.6295420334445,34.23056059920936,0
334,1,1,85,16,2626.1719151749458,869.668507007774,0
335,2,1,71,8,62.20389208514747,47.18670644320328,0
336,2,1,58,19,30.035534199780685,17.51767042318206,0
337,2,1,104,26,138.58176670678006,21.850915553160743,0
338,1,1,96,10,377.96758390819656,1.7766281048476165,0
339,1,1,106,19,2471.405121803823,60.42661984358432,0
340,1,1,87,14,2693.364070780355,173.57264073677263,0
341,2,1,88,15,182.92589936874592,15.814952183146975,0
342,2,1,100,28,28.489691599806914,15.40729753849006,0
343,2,1,78,23,59.67491647445744,70.0858813086922,0
344,1,3,49,20,321.0796855763349,13.710146861795343,0
345,1,1,74,23,428.7459480749366,13.614369930843624,0
346,1,1,91,21,117.1402990690442,1720.5177671282522,0
347,2,1,108,11,128.52200191288318,573.0548323123644,0
348,2,1,119,18,8.921803071776354,55.01849378361138,0
349,2,1,123,18,5.3097721348966695,13.417263424483547,0
350,1,1,90,18,12.160691762500663,11.016837054880295,0
351,1,1,102,11,316.40512044335816,62.27047956707248,0
352,1,3,75,15,23.03287413731642,87.68551203318351,0
353,2,1,91,17,179.3426660358369,82.0595687281512,0
354,2,1,105,24,6.795415296711393,32.81815110417502,0
355,2,1,109,20,453.20592745422425,63.99038974196249,0
356,1,1,42,14,19.431272149920968,1.4355102630953482,0
357,1,1,88,30,20.782630773301474,12.102942900104576,0
358,1,1,84,27,881.9542793766306,29.484327367561804,0
359,2,1,88,8,928.6697973509837,77.81817242745063,0
360,2,1,103,17,891.9447079204164,41.449224874099905,0
361,2,1,110,7,885.9846333498668,99.89717565285953,0
362,2,1,118,10,32.4348717401767,127.63338824108591,0
363,1,3,105,18,1070.2850583332856,62.078488702258326,0
364,1,1,108,12,3694.8835499140923,1874.5211571622824,0
365,1,1,83,15,3700.0153159216816,137.95845105100403,0
366,2,1,124,8,3438.322630912459,20.655704227904778,0
367,2,1,116,12,3750.822358720205,59.80067180670549,0
368,2,1,84,9,3765.5393043751296,11.68745006251114,0
369,2,1,70,12,3833.971281006614,11.742247743056677,0
370,2,1,77,18,3849.6946158036258,27.999667645794673,0
371,2,1,41,11,3708.7843560301358,17.617130332636563,0
372,1,3,67,18,3447.451108509654,362.41484021463117,0
373,1,1,90,16,2765.159532656068,20.504879929634118,0
374,1,1,98,11,2545.031575009176,1911.8215583667247,0
375,2,1,113,7,203.31083388459638,31.978892756230746,0
376,2,1,114,11,3104.5059349128364,38.20270057219661,0
377,2,1,101,22,2967.42536757502,26.95535178694889,0
378,1,1,90,12,3217.332139437976,0.9405744429494342,0
379,1,1,96,13,2746.425675537953,1.2768867741062244,0
380,1,3,104,16,2667.2694930644043,3.2987072779918742,0
381,2,1,78,27,2816.570591970315,1670.5336216042,0
382,2,1,75,18,439.79009081008957,21.638507465931756,0
383,2,1,79,12,410.145965405595,61.99701669514229,0
384,1,1,64,22,291.1604633442545,11.786223875664204,0
385,1,1,88,37,178.16330919685106,3.3780531513512835,0
386,1,1,82,21,2492.684579012268,16.533488412473268,0
387,2,1,79,18,327.5502953879106,70.94928867800941,0
388,2,1,87,12,3009.9901907742496,19.537781430682163,0
389,2,1,84,24,2598.7167561813076,34.57625250029685,0
390,2,1,63,13,3575.6862849579584,90.64439782295501,0
391,2,1,57,8,3506.719501694099,123.69877478603271,0
392,1,3,45,25,3302.9234168177086,109.57255097783136,0
393,1,1,80,18,2938.841559890569,19.728355739992388,0
394,1,1,89,23,1134.441160298556,167.69914328204445,0
395,2,1,79,15,35.12186690695487,67.76825752021368,0
396,2,1,84,21,327.60542328850755,4.840817416494441,0
397,2,1,118,20,42.41677398137772,14.612153600689206,0
398,1,1,106,31,39.6573717470497,43.8449980038231,0
399,1,3,104,18,197.67019697322928,1802.1980299911381,0
400,1,1,84,9,346.3558304987486,56.61687282282168,0
401,2,1,114,9,473.37647291878113,51.0784140336655,0
402,2,1,117,14,495.8198939662396,53.9143699535406,0
403,2,1,120,14,986.890988890812,1.5292183508734518,0
404,1,1,73,14,774.0461674941536,1.9623167067957061,0
405,1,1,79,18,127.76909647485049,2.7470024960637405,0
406,1,1,63,24,232.76439444277497,112.28502685022121,0
407,2,1,79,12,47.39779277782316,137.22034579788823,0
408,2,1,105,11,389.94605973857045,32.425805043988646,0
409,2,1,120,26,430.28905040752295,26.276008381808584,0
410,1,3,97,24,602.5410298196579,11.835734480625085,0
411,1,1,98,11,2101.5079230164856,60.6338292761384,0
412,1,1,69,13,792.9822602945311,4.251257479325705,0
413,2,1,63,17,373.4249521424059,19.5822416261016,0
414,2,1,56,18,304.49257893377927,740.9117210498819,0
415,2,1,59,11,334.0247640200461,101.53941727305352,0
416,2,1,52,14,658.0452949993419,14.057757679675069,0
417,2,1,63,20,720.6564867143074,0.896050268607194,0
418,2,1,21,19,912.4272839478214,15.259281500513532,0
419,2,1,42,15,2111.875547280798,1.5293587534907422,0
420,1,3,48,16,1852.2856271426044,46.11289390191753,0
421,1,1,84,17,1491.4292073978527,30.552179148190085,0
422,1,1,90,13,633.6706938127786,37.89501333872944,0
423,2,1,96,10,383.8006207765696,26.426159024785854,0
424,2,1,78,11,511.5584326643031,40.94310551411187,2
425,2,1,89,15,494.4829571196377,12.947558015195824,0
426,2,1,100,14,485.8621848905153,41.28706133843014,0
427,1,1,92,13,437.80528368033924,26.618759699807843,0
428,1,3,122,15,124.16225883965798,39.47868813191978,0
429,1,1,113,19,3.030243728250557,808.2829059890905,0
430,2,1,111,29,4.440256836870493,24.571786002970622,0
431,2,1,116,17,18.788992724117453,61.10570625641288,0
432,2,1,126,15,605.7772907086342,10.831100495936603,0
433,2,1,67,23,585.2309432889199,11.697313896488394,0
434,1,1,88,25,8.838258721127675,12.803481236292507,0
435,1,3,107,16,325.7205114794992,168.47782325515638,0
436,1,1,91,15,770.1063997712133,830.7491546687874,0
437,2,1,116,26,8.846653794425192,216.22354093167814,0
438,2,1,117,26,13.66253754925954,16.26786383110459,0
439,2,1,115,14,1153.7979149739385,48.49024352180231,0
440,1,1,66,13,630.2292523035183,2.6772818524495965,0
441,1,1,87,18,636.1778282884768,4.485179055005578,0
442,1,1,100,23,37.95799432786802,1910.520269337336,0
443,2,1,101,13,607.6688293968525,84.26601877384468,0
444,2,1,103,14,1063.7993453760698,27.362154858742883,0
445,2,1,80,21,906.4908244462017,21.107125081993185,0
446,1,3,104,23,1128.5772171158726,25.031757986703138,0
447,1,1,90,13,3600.5227476758114,403.46925761906556,0
448,1,1,77,10,3054.333568681827,2038.9556183264676,0
449,2,1,55,12,3043.338656943844,849.107809948947,0
450,2,1,51,18,2951.545620551792,43.32054792717944,0
451,2,1,60,21,3046.5356667605442,20.083870490702644,0
452,1,1,51,17,3696.760660321974,1.0429543677979658,0
453,1,3,85,19,2983.0684543060042,22.32337174093054,0
454,1,1,91,9,2941.5053775297797,32.495115058781096,0
455,2,1,93,10,3040.7437059195695,1833.10679060094,0
456,2,1,75,10,3307.4610857635457,36.43816448354794,0
457,2,1,94,16,2523.2198898521337,44.70302135300476,0
458,2,1,104,11,81.58603049527443,35.94166177244948,0
459,1,3,107,16,238.56556261033003,52.65622337793503,0
460,1,1,114,15,159.99046301652768,3.894114277180061,0
461,1,1,97,17,366.6654773519269,49.056004605846354,0
462,2,1,104,10,194.3392548176842,25.748424140688925,0
463,2,1,107,13,109.88085035009642,10.11455481383643,0
464,2,1,87,21,362.0753514628064,1.847322202985113,0
465,2,1,99,18,2444.223695191696,4.236458655850025,0
466,2,1,96,14,3064.3228058769514,12.89887359207919,0
467,2,1,85,10,937.654647128099,230.6945366760922,0
468,1,3,61,15,1040.3975628562212,2.408592209156819,0
469,1,1,82,12,139.6059161338741,734.2482881494205,0
470,1,1,88,15,19.50288265724022,2315.266788417954,0
471,2,1,118,14,53.51977788015342,808.4158773405154,0
472,2,1,108,16,74.61314588195108,1020.1563691552972,0
473,2,1,102,31,494.35195440745474,2.5306844220381755,0
474,1,3,83,25,7.214316589730735,31.46313705200506,0
475,1,1,93,8,259.0119146527113,1.507396356161078,0
476,1,1,88,6,569.8730466322772,45.8100977580229,0
477,2,1,103,22,43.189700469759444,42.66188336522774,0
478,2,1,88,13,348.76403518936326,186.85608357875185,0
479,2,1,67,4,555.9652194349766,932.1494899757178,0
480,1,1,63,10,27.546767623802182,2632.8070352407212,0
481,1,1,74,18,90.82992266046374,2511.6163903943857,0
482,1,3,76,9,426.19988355746233,1085.1810819748252,0
483,2,1,104,10,491.5434866694232,781.9159184217673,0
484,2,1,113,11,217.00917891392137,18.148118082698083,0
485,2,1,113,12,150.26830139759986,45.01871926833922,0
486,1,1,87,14,9.975064350548328,91.91511947714169,0
487,1,1,92,6,182.44751185446984,69.4981237752779,0
488,1,1,49,6,186.12605123527666,90.89188797619674,0
489,2,1,73,10,95.84070950688944,85.14357288374056,0
490,2,1,91,14,33.884321765821674,93.72461796760936,0
491,2,1,95,13,179.39941545976382,6.8029136064911375,0
492,1,3,67,17,3.606127605379339,1.641347730199955,0
493,1,1,87,17,51.26495926152677,93.98203744587585,0
494,1,1,78,10,11.849516786588437,1016.26356606019,1
495,2,1,87,9,354.591021724608,591.5288100942686,0
496,2,1,108,13,134.5220421534901,188.48301608668035,0
497,2,1,107,18,56.21985952038452,822.9776398788218,0
498,1,3,77,12,334.64788165555086,1007.3850503504088,0
499,1,1,57,7,327.2043695745698,1329.2387359103313,0
500,1,1,55,16,112.49006681762548,1727.02884733313,0
501,2,1,69,18,34.68909635833214,835.2883460111981,0
502,2,1,52,34,1000.3173836819351,476.5565538796954,0
503,2,1,54,11,999.2113606048109,921.9375576948978,0
504,1,3,52,13,969.30224583936,866.4967418157095,0
505,1,1,61,16,3707.0418024724036,2256.038367020501,1
506,1,1,40,10,364.1689681186488,2579.6096141506105,0
507,2,1,63,2,3201.262451728116,2607.0064069922796,0
508,2,1,74,9,4341.173899202531,2941.895041292019,0
509,2,1,61,7,4387.976691859933,2748.0980315613115,0
510,1,1,48,11,3917.2016891783746,2696.8172246779554,0
511,1,1,52,12,3793.525605911781,2695.309582594304,0
512,1,3,46,7,3809.1139462908604,2824.2407460855443,0
513,2,1,46,13,4278.766656515771,2683.7851753019513,0
514,2,1,51,7,4498.182970782185,2803.056992302564,0
515,2,1,50,5,4505.360463493615,2821.6738023494504,0
516,1,1,52,3,3748.374606811019,3032.3071292472073,0
517,1,1,65,13,3625.9944351564536,2688.49618151463,0
518,1,3,38,13,3430.7199639297023,2912.522816353551,0
519,2,1,52,5,4213.548084295349,2833.178798783126,0
520,2,1,53,4,4638.194472050507,2892.113621044971,0
521,2,1,58,10,4756.9991225572885,2619.314363727547,0
522,1,1,49,15,4307.480801187463,2664.4273005134582,0
523,1,1,53,8,3696.2975717269665,2967.8143886299354,0
524,1,1,44,5,3518.8029502109493,3192.366974912472,0
525,2,1,65,5,3627.7387928578946,3117.6668673227477,0
526,2,1,79,0,3766.6910677683773,3362.141933971836,0
527,2,1,45,5,4387.006737286432,3402.0937959301978,0
528,1,3,54,1,476.3940283820321,2957.4285097148686,0
529,1,1,55,4,643.4868593570462,3073.7347419811554,0
530,1,1,54,22,1081.9439547905697,2817.6268452920326,0
531,2,1,53,10,2113.158829238549,2733.5845828418323,0
532,2,1,54,12,4568.063579018635,2780.0856522774134,0
533,2,1,68,18,4725.727725541235,2677.970470918757,0
534,1,3,49,14,4228.761204471203,2795.3205268083816,0
535,1,1,39,2,3796.5777284881224,3145.2983300483543,0
536,1,1,34,5,3788.135525644946,3397.7189784299608,0
537,2,1,56,0,3856.993135875727,3236.033465392943,0
538,2,1,72,21,2223.4976597731015,3095.974824606099,0
539,2,1,61,2,1388.9572318408032,2891.737414885887,0
540,1,1,49,13,1446.2068275103277,3095.97533194024,0
541,1,1,52,2,3739.4624613121277,3160.7015037422148,0
542,1,3,48,3,2462.461140672204,3405.554238223835,0
543,2,1,60,0,3774.92666792089,3073.846081726973,0
544,2,1,71,3,320.0756302314039,3000.4326043556916,0
545,2,1,79,24,926.7309174884572,2505.1987259630523,0
546,1,1,72,21,99.69948938132868,654.7575670976452,0
547,1,1,87,22,678.2512815226457,212.04494949195075,0
548,1,1,60,12,2646.197710477895,83.93395814100967,0
549,2,1,71,27,487.74104472759427,375.7620738889507,0
550,2,1,57,21,772.3423796293748,789.1763972344164,0
551,2,1,68,10,709.9670876823553,784.0445225266615,0
552,1,3,75,18,17.58873645807539,2.634242058657276,0
553,1,1,94,28,2756.5442772067936,893.9487902419168,0
554,1,1,84,1,3678.6015030847643,2017.594795882724,0
555,2,1,76,5,3926.6226159384764,2082.236459527884,0
556,2,1,58,15,4066.08092736253,2108.4934598855234,0
557,2,1,69,18,3834.7109077540154,2170.2321435853646,0
558,1,3,57,21,4702.923977230658,2750.1505333156415,0
559,1,1,34,16,4064.7374212897516,2702.2185516128693,1
560,1,1,19,18,1056.391511631808,2646.0606550021607,1
561,2,1,54,23,941.6505505107912,2491.0868568499454,1
562,2,1,68,10,250.8913026252377,2369.927751203785,0
563,2,1,65,3,132.4362380952835,2560.7927684785745,0
564,1,1,59,10,30.24388531590115,2213.650290378522,1
565,1,1,75,10,327.16445716330446,1054.5236801954518,1
566,1,3,73,17,240.1345090866219,1933.523612538695,0
567,2,1,86,8,672.1372709268479,1977.2453231982342,0
568,2,1,81,9,1031.338909254442,1403.8321761465963,0
569,2,1,81,17,732.7547767447514,1437.4118663231147,0
570,1,1,84,2,1000.4842336669118,237.87011946563695,0
571,1,1,49,14,1164.7597101179924,731.219894003206,0
572,1,1,19,5,2214.5726627336535,1236.4175514976803,0
573,2,1,56,7,1996.3311153869356,2284.411943781981,0
574,2,1,55,15,2318.260142543843,2540.7938763594034,0
575,2,1,54,1,2160.9045437804198,2298.511268720322,0
576,1,3,42,10,1955.2683463055278,2445.049088796213,0
577,1,1,32,3,1314.7796059380928,2138.034250032041,0
578,1,1,35,12,1269.157260660306,2292.9067388960807,0
579,2,1,71,4,266.80286479119036,2204.7763859255706,0
580,2,1,104,12,255.75421427415287,2358.0892915208724,0
581,2,1,113,11,32.66041626764683,2369.425702820187,0
582,1,3,79,19,80.67659652187422,1743.4645090183112,0
583,1,1,81,5,229.14591772134816,749.231198627373,0
584,1,1,57,21,329.28886635638884,477.73039890358973,0
585,2,1,80,8,409.4385163458846,890.786323037486,0
586,2,1,89,9,490.8294430974512,458.3205732003638,0
587,2,1,87,10,811.1008622841139,1374.8372676373406,0
588,1,1,73,8,2060.716184454931,709.2098461265936,0
589,1,1,87,32,3583.990513000923,746.4004647042979,0
590,1,3,50,14,3953.4332450577404,1468.0613218758638,0
591,2,1,70,2,4223.592819103417,630.9240571791646,0
592,2,1,67,1,4821.958614637665,354.24058420101585,1
593,2,1,56,7,4840.184296402592,2191.0240391840025,0
594,1,1,41,9,4696.755007402864,2562.0672193284495,0
595,1,1,39,1,4356.997346534036,2943.46487661751,0
596,1,1,34,1,4686.829121074135,3116.579799378601,0
597,2,1,38,4,4876.147800201697,2820.881478610427,0
598,2,1,43,7,4448.783908838231,2801.6358867891563,0
599,2,1,47,10,4732.73332799437,2688.75360112549,0
600,1,3,44,6,4272.604961175519,2801.6374542810822,0
601,1,1,33,7,4322.1941213654,2735.0741202920162,0
602,1,1,38,13,3818.9019497128197,2903.5111885579886,0
603,2,1,38,3,4177.177295607402,2832.755167198096,0
604,2,1,59,9,4525.573719144607,2969.5838302331254,0
605,2,1,66,0,3927.0554825107342,2884.2624487958747,0
606,1,1,65,26,3866.7986204488852,2352.2067258191087,0
607,1,1,56,1,3576.0759139730903,1336.6311907539298,0
608,1,3,40,7,3474.396825941174,812.9105839386268,0
609,2,1,67,8,4022.659285254894,1342.651564056667,0
610,2,1,75,3,418.98351885832955,2434.04231065078,0
611,2,1,99,5,788.0773210743736,2659.256560139133,0
612,1,1,61,4,181.50948060351513,2598.446416107413,0
613,1,1,51,6,303.7834503541029,2628.020010808869,0
614,1,1,35,6,338.9684823852336,2623.7860108903105,0
615,2,1,67,0,291.05925999376205,2611.6406519078896,0
616,2,1,82,10,183.22430312413752,2598.134688380414,0
617,2,1,82,17,332.3022785617948,2487.5709235327613,0
618,1,3,60,6,185.98900465613426,2524.1631005525987,0
619,1,1,54,4,165.18782916122592,2801.991214461422,0
620,1,1,58,4,184.96636671441848,2696.2608955245073,0
621,2,1,67,1,188.97005029487985,2767.011335903306,0
622,2,1,90,6,516.5352833727558,2838.313625947108,0
623,2,1,84,1,541.5601387742115,2635.3528071047413,0
624,2,1,63,12,973.5986361529298,1608.95210674931,0
625,1,1,72,31,9.870122110568795,1504.9179900181746,0
626,1,3,73,14,13.889038643088194,1734.8515136763172,0
627,1,1,104,12,5.736721933921852,12.70200062619229,0
628,2,1,129,11,14.290291581908793,52.62706332094997,0
629,2,1,131,13,1109.5801621881758,1.427816123421378,0
630,2,1,122,19,944.143998876307,278.7449959816976,0
631,1,1,113,5,676.0977350538018,20.424769872757444,0
632,1,1,117,17,74.94784572656987,66.35325634500373,0
633,1,1,87,17,526.3491525901744,305.99113172052756,0
634,2,1,83,18,586.9499843433936,14.023702339866444,0
635,2,1,69,17,1648.0853773849838,126.07762119614343,0
636,2,1,69,7,1369.8315965384581,214.0559840993898,0
637,1,3,86,11,1248.3339200854502,69.01747770177636,0
638,1,1,76,1,1545.274971177226,578.0467302213913,0
639,1,1,25,1,1783.1236769372551,1046.2689196329989,0
640,2,1,45,0,5133.688741817074,2412.6617406961077,0
641,2,1,59,7,5320.893724790954,2867.086523732016,0
642,2,1,8,1,5327.502318068477,3371.7460215030533,0
643,1,1,28,2,5137.460141259824,3494.3446880006077,0
644,1,1,31,0,5020.709101711365,3431.9478161451375,0
645,1,3,32,9,4777.070738973099,3342.4299210697527,0
646,2,1,39,1,5027.778535628287,3327.826810891625,0
647,2,1,54,3,5313.9509119080985,3447.3274756292813,0
648,2,1,53,6,5245.991564709237,3327.434717704074,0
649,1,1,35,12,5079.2730844153075,3194.34180061432,0
650,1,1,39,14,5028.389592097478,3305.1792175545643,0
651,1,1,22,3,4943.956767111352,3284.608734215085,0
652,2,1,58,8,4919.676295120956,3276.276612392612,0
653,2,1,70,9,5485.687906308409,3227.5190769429023,0
654,2,1,87,9,4508.68329363905,3140.200844653488,0
655,1,3,103,6,3963.1445082824125,3320.7424241468807,0
656,1,1,112,4,3855.9849388135917,3354.3477611123767,0
657,1,1,61,1,4033.8006327122207,3378.3737528865995,0
658,2,1,98,13,3948.8524706494936,2960.7899867331676,0
659,2,1,108,11,4173.2714876477985,1313.2023321824047,0
660,2,1,101,11,284.665212323122,1060.4017696726144,0
661,1,1,91,9,3629.4165084582064,1548.729052732221,0
662,1,1,92,16,3840.9754919086513,2321.669124550828,0
663,1,3,85,19,3832.6609106568394,1586.8088956357585,0
664,2,1,111,11,3501.463710528508,1609.958181232692,0
665,2,1,118,11,4063.0581764286812,139.99711934014306,0
666,2,1,94,13,658.3748887535919,16.093717511782422,0
667,1,1,69,10,612.0585978253855,20.319905417686325,0
668,1,1,56,12,58.110307727518745,926.5998163654725,0
669,1,3,54,14,565.4152482664083,1039.8198624760141,0
670,2,1,87,11,587.1329251010776,254.09072071293875,0
671,2,1,105,17,859.2129953204808,1121.8245170211953,0
672,2,1,82,29,938.4129172330652,404.1454100852463,0
673,1,1,60,18,759.9530594181912,1222.6660281975126,0
674,1,1,59,17,746.0937976325428,1519.2635953807155,0
675,1,1,46,12,543.7655073069805,1479.0126922135105,0
676,2,1,77,12,759.6990797277991,2340.550614191164,0
677,2,1,83,16,1177.0444845803754,2623.8140434760903,0
678,2,1,76,8,1670.1170054076294,2543.890085669938,0
679,1,3,57,7,1077.9479687636667,2732.1906779772685,0
680,1,1,63,1,2135.3987366192973,2732.0163173277497,0
681,1,1,30,10,2175.6960331296636,2749.775936686897,0
682,2,1,42,4,698.78869082649,2657.5994832969573,0
683,2,1,58,4,1154.8083963488048,2446.007217357999,0
684,2,1,34,14,304.18933628293286,1620.3324675205547,0
685,1,1,50,14,246.43446051587065,1480.0706270776236,0
686,1,1,49,17,644.1860810298504,1599.4600825616944,0
687,1,3,42,1,552.1138096621165,777.3157366443288,1
688,2,1,50,6,1018.1553591234924,1118.8146254483072,0
689,2,1,69,15,694.4855338421897,1697.0994329821442,0
690,2,1,102,8,621.4767125243851,2254.0150332101016,0
691,1,1,75,11,6.669336749253137,2263.9358873892365,0
692,1,1,78,5,24.994500307116052,2519.7406395176445,0
693,1,1,72,7,50.595201617276345,2236.2614374641657,0
694,2,1,112,23,173.4581864791733,701.4381595844022,0
695,2,1,129,11,731.8372383536034,5.271233020432957,0
696,2,1,112,26,1682.7818769860012,249.98073188357978,0
697,1,3,71,17,1592.0131717822785,433.2496420066136,0
698,1,1,45,18,1486.5027559405319,669.9978692237667,0
699,1,1,26,9,747.517538382731,876.5740535004745,0
700,2,1,83,6,868.8984251277835,2111.429215039204,0
701,2,1,98,19,4238.208367059347,2465.120766365329,0
702,2,1,93,6,4836.683459167685,3026.126686644225,0
703,1,1,65,11,4328.448760635853,3048.9871688216913,0
704,1,1,51,10,3780.62073956366,3057.1600894127546,0
705,1,3,25,3,3679.9454654495426,3020.3866519927483,0
706,2,1,42,6,1334.907615853342,3020.38117523841,0
707,2,1,96,11,964.959683725097,2613.920915711952,0
708,2,1,96,19,999.4659990600096,2764.3081715715166,0
709,1,1,50,25,1261.5587726686301,2959.896912004453,0
710,1,1,53,12,1112.9324153749494,3008.509426309801,0
711,1,3,38,6,1312.5313047137572,3077.3435666240716,0
712,2,1,59,1,1783.4358951302486,3069.5806244818605,0
713,2,1,71,2,2925.2305248745033,3005.782585388712,0
714,2,1,84,7,4246.850760892242,3000.404025312523,0
715,1,1,57,2,4250.379562156671,2975.1437789996558,0
716,1,1,44,4,3952.5366601043547,3005.777333844233,0
717,1,1,43,4,3384.75165390602,2952.4531235478926,0
718,2,1,57,6,449.342007714143,3005.2851019406194,1
719,2,1,83,3,224.47326457334344,2980.3348908037365,0
720,2,1,109,11,430.502955838541,2779.9177467246054,0
721,2,1,87,8,288.00850455170263,2767.2522835892696,0
722,2,1,94,3,3649.167366922743,2754.159656550279,0
723,2,1,79,4,3631.18247508903,3073.242338270585,1
724,2,1,62,7,3574.509856241464,2985.330567087908,0
725,1,3,88,17,3223.2992431880584,2620.922082121156,0
726,1,1,86,9,2718.578363922173,938.841344347905,0
727,1,1,88,17,2637.047951312212,789.1839818796686,0
728,2,1,87,13,2861.2518878033316,136.73003109118173,0
729,2,1,94,18,3183.2941250051554,41.5881948959283,0
730,2,1,73,12,585.3999516638474,24.937025197008516,0
731,2,1,59,10,862.7121541289723,12.860246051691146,0
732,2,1,21,10,698.1869282945454,373.4906264019044,0
733,2,1,87,11,341.1090372030144,13.708755692720262,0
734,2,1,108,12,224.8243568478152,14.440603229190947,0
735,1,3,88,18,83.4194177441387,71.22030781421152,0
736,1,1,108,12,2145.707885115188,8.815793292786934,0
737,1,1,97,22,3028.6142272169604,14.183236584991985,0
738,2,1,60,20,3092.7597473151036,11.129071226700443,0
739,2,1,56,7,3187.8473315809306,167.66217564239182,0
740,2,1,52,20,3237.687556124648,406.93657202084495,0
741,2,1,15,23,3239.566013386311,14.109339022460881,0
742,2,1,40,22,3198.115428786548,37.22032342357645,0
743,2,1,38,12,3177.430302085051,29.816597902533935,0
744,2,1,35,14,3114.976202216765,2.33462015888694,0
745,1,3,76,17,2426.0924523789463,1.9042585020739322,0
746,1,1,81,11,9.63778254081193,25.54361875132091,0
747,1,1,78,12,2.5464267566367784,33.70886494958876,0
748,2,1,98,10,5.021628732885336,16.055174606862657,0
749,2,1,103,20,26.928737126315173,26.385738473107605,0
750,2,1,82,8,6.008801998529916,12.662529000444762,0
751,2,1,95,14,16.7950844213129,2.1759036820294204,0
752,1,1,87,16,354.94137007489144,1.4733895598731148,0
753,1,3,98,14,94.90481243473725,2.4876814390533326,0
754,1,1,87,25,1199.293910759196,21.295313338570846,0
755,2,1,103,9,2772.755874250674,57.144265501378264,0
756,2,1,117,14,2917.5487318625565,126.08042697559864,0
757,2,1,110,25,305.69452949195806,4.239163504754876,0
758,2,1,78,11,86.24327459833768,10.530561205059985,0
759,2,1,54,15,86.93659361387341,53.34094884556328,0
760,1,1,73,21,136.4704621770672,11.7333272929331,0
761,1,3,82,19,2433.858708122627,2.053425684809586,0
762,1,1,78,24,881.8340377710657,21.75033877555326,0
763,2,1,88,7,27.782337606800052,11.703151458494146,0
764,2,1,78,18,16.520982024602905,10.56038308424348,0
765,2,1,88,28,85.11589693386324,17.40773710866516,0
766,2,1,73,18,99.78529991453144,42.645112312198414,0
767,2,1,50,12,160.10910571749983,32.83739488312769,0
768,1,3,69,15,29.304160866753197,15.437523625798816,0
769,1,1,95,12,14.321842367387902,13.012773700058196,0
770,1,1,98,14,74.18748245984133,25.743506657783453,0
771,2,1,92,12,6.564595813665631,20.37844306264753,0
772,2,1,105,11,350.8638639001744,1738.6258301726336,0
773,2,1,113,10,392.28798916211497,46.035621812816366,0
774,2,1,109,21,369.99378410327154,49.98020253541351,0
775,2,1,54,11,918.162379578362,48.589667165721984,0
776,1,3,58,21,10.559053802398774,2.701218413283006,0
777,1,1,84,20,8.524078780545583,2.3685394939120754,0
778,1,1,102,17,6.353298624549751,21.40305004520483,0
779,2,1,97,17,8.42206276281815,10.920747684021748,0
780,2,1,103,10,45.78261166142948,12.072166534234912,0
781,2,1,110,12,515.2371249567901,11.539761811715577,0
782,2,1,36,20,3652.828064699674,2.4002990740880654,0
783,2,1,21,24,3564.95875594895,34.131232797627334,0
784,1,3,59,13,3349.928426966233,2.883054480056562,0
785,1,1,78,12,2753.6707534687603,9.924899924462531,0
786,1,1,73,29,2650.746235730557,42.47879023963387,0
787,2,1,79,10,2797.155086114501,49.97392552002342,0
788,2,1,99,30,79.68017946005354,11.123916498888917,0
789,2,1,102,19,38.542152766781065,3.8437249722909383,0
790,2,1,103,24,69.08251550455218,39.44760901931828,0
791,2,1,64,13,91.00439499542864,116.75799639120237,0
792,1,3,62,18,27.516512266513914,13.035325946734456,0
793,1,1,95,16,43.79089780154406,11.729438088602086,0
794,1,1,93,12,1871.2565005717217,25.377003200242406,0
795,2,1,104,8,1949.7562496494063,16.557034665078845,0
796,2,1,105,12,2124.686396205629,32.350897024583034,0
797,2,1,104,12,812.7392880106605,4.160050711576286,0
798,2,1,62,13,627.0635038987973,19.4280885078185,0
799,1,1,98,12,455.0578893928724,51.016705712634916,0
800,1,3,84,18,2093.281873636578,5.211319720562529,0
801,1,1,97,9,1274.1978213124942,85.69035822774313,0
802,2,1,98,23,17.316407221571563,19.494468591259338,0
803,2,1,82,19,97.27429919014641,63.285265032099424,0
804,2,1,75,18,317.83787147723746,13.806093464018042,0
805,2,1,34,23,82.51961056916261,1.2276353502244128,0
806,2,1,99,23,56.36510887114168,33.64031868004657,0
807,1,3,93,18,394.949947362119,17.233614802143034,0
808,1,1,85,12,127.35733502410437,78.57517045937517,0
809,1,1,101,8,24.83192891067287,41.3881007712167,0
810,2,1,119,16,40.862004794533355,11.886377251151169,0
811,2,1,120,12,367.41117358064554,9.22028091530516,0
812,2,1,97,20,235.88190667261873,8.736088203489954,0
813,2,1,95,23,137.81002485045366,13.34493113293231,0
814,1,1,92,24,10.357298009671464,25.034527979780876,0
815,1,3,75,14,212.1921860615322,12.23202695452017,0
816,1,1,65,14,545.9844838370782,888.5916969859277,0
817,2,1,94,13,10.051503216133844,18.06563141155752,0
818,2,1,84,9,210.5278844159685,27.880689834134458,0
819,2,1,18,10,702.6692346104829,12.63898112097826,0
820,1,1,36,11,1215.2869185452332,29.890797619612222,0
821,1,1,85,12,961.2209169394804,36.37859304305087,0
822,1,1,93,11,133.99989250947388,41.882928241165345,0
823,2,1,112,8,10.85423588735183,11.285472314186485,0
824,2,1,92,12,11.524123815358951,4.302629756330637,0
825,2,1,88,11,76.12941651700977,1.689677478630598,0
826,2,1,80,28,635.9326281189846,46.17032080123624,0
827,2,1,82,12,1106.535747149884,63.67831459259481,0
828,1,3,43,19,431.6152223630828,20.891447959963262,0
829,1,1,88,35,72.96735054255798,614.5231470369065,0
830,1,1,105,21,2181.7845718867993,914.5175733664846,0
831,2,1,114,16,2806.4287169886475,69.13937938365866,0
832,2,1,96,21,3038.0338576916915,12.514759666134484,0
833,2,1,94,16,3702.389013886248,24.79883481693448,0
834,1,3,86,27,3412.3993906159417,49.653403305367114,0
835,1,1,103,15,3249.9747092605244,52.59925210986234,0
836,1,1,87,17,3091.5083167310186,861.133931146118,0
837,2,1,96,13,138.1509637701722,19.855825296351707,0
838,2,1,96,16,62.45943257357235,40.72180992055232,0
839,2,1,88,11,15.325202825687184,1.3370662313912196,0
840,1,1,76,17,27.700579015868044,41.103137328551014,0
841,1,1,95,12,12.06470002125747,14.662691600540484,0
842,1,3,90,12,31.5203842904606,390.7758595403151,0
843,2,1,110,13,403.9212832791341,806.9322123319528,0
844,2,1,103,17,462.86927449818444,22.765503162466306,0
845,2,1,96,28,396.33885865773533,31.465027072757795,0
846,1,1,89,22,218.97098810685577,10.89733108086161,0
847,1,3,105,19,350.98982851233063,42.77207840619751,0
848,1,1,72,16,4.94121622508195,70.01904461506503,0
849,2,1,96,19,3.1101553025779443,867.8687701059339,0
850,2,1,111,17,9.800532556639281,43.593831140804895,0
851,2,1,130,13,167.25214631282896,7.291582047327374,0
852,1,1,105,23,10.770509398507723,33.58223578679034,0
853,1,1,78,16,5.6011921953568535,21.203709120141454,0
854,1,1,70,28,53.18497752513986,56.215263029149604,0
855,2,1,103,18,6.203645062127506,21.558942913963175,0
856,2,1,113,12,8.356096763527981,20.494394453761196,0
857,2,1,126,9,30.61925280389047,121.8331215527061,0
858,2,1,116,10,87.55384031395849,123.1289650571228,0
859,2,1,101,8,1027.6489203091191,151.88692281361065,0
860,1,3,65,26,833.9369027646399,80.05923027670579,0
861,1,1,86,18,8.354144264540288,13.788674881753488,0
862,1,1,88,18,11.770860269603059,30.753122614179954,0
863,2,1,94,14,27.983738677099684,89.72509644422459,0
864,2,1,96,19,40.31847107014698,22.498334681145344,0
865,2,1,99,15,86.40958662678322,20.874037713370832,0
866,2,1,79,8,74.69469590734899,87.19211400503984,0
867,2,1,94,8,798.6249199568576,118.40720456954664,0
868,1,3,57,24,18.60018693690512,29.64571738537821,0
869,1,1,90,21,9.599717921820176,8.18498816544605,0
870,1,1,99,28,30.966082968495684,26.335658641764198,0
871,2,1,95,20,15.542828410658798,77.68002153892111,0
872,2,1,107,11,53.46551396533951,22.49284755328329,0
873,2,1,120,11,54.54610434760123,95.91036479185092,0
874,1,3,95,22,2513.746317155861,38.1250388713319,0
875,1,1,101,19,2612.626958772752,254.60242232597423,0
876,1,1,75,29,2476.6047539426545,74.28551855668434,0
877,2,1,114,14,2284.1113871671328,39.704179514934246,0
878,2,1,101,10,2485.871908397296,62.27764802553006,0
879,2,1,92,15,2871.9705036361775,20.96886805923444,0
880,1,3,71,18,2726.5532243154025,16.8623533392501,0
881,1,1,83,22,2332.2804181175866,17.78544373011179,0
882,1,1,68,23,2285.5177923348638,1978.4138713545203,0
883,2,1,107,12,400.34109897598063,43.192221415798564,0
884,2,1,93,18,2483.799774918686,15.41620077376876,0
885,2,1,71,14,702.7070203824546,18.651756192134112,0
886,2,1,55,12,418.35432812627295,15.035951562354846,0
887,1,1,72,22,2828.097125230242,18.414331816217828,0
888,1,3,63,17,2361.5832125230113,2.3171379878438,0
889,1,1,85,14,1840.3257735667828,22.500879306825272,0
890,2,1,84,16,28.521808698843756,20.464594145371,0
891,2,1,85,9,256.5560073545441,17.394495463384413,0
892,2,1,65,8,45.476094227108895,16.761149868707484,0
893,2,1,114,12,323.2988865977674,1.4467442725729778,0
894,2,1,74,25,1085.3523315869209,21.001228831458665,0
895,1,1,95,10,481.2679234037157,14.577808252860997,0
896,1,3,86,15,7.648976781977853,15.116913576226903,0
897,1,1,73,24,2.310450340002769,1653.8408867022504,0
898,2,1,103,17,1.4597890573051397,23.54408416692925,0
899,2,1,118,7,8.194639262821976,34.38551116486251,0
900,2,1,96,13,25.250126356971073,2.2175047774882084,0
901,2,1,115,24,898.9103300409213,34.63432221062363,0
902,2,1,61,19,828.0778216487198,28.840455916110024,0
903,2,1,55,15,752.5575927236285,39.91335438090056,0
904,1,3,63,21,998.4859392723598,15.174675637988155,0
905,1,1,105,16,21.07985759708142,28.586874705585963,0
906,1,1,97,11,21.067020916031037,27.378534704990706,0
907,2,1,66,12,8.667556953748779,968.8477738232939,0
908,2,1,96,14,14.763782308451159,29.311549489501505,0
909,2,1,108,29,21.800604833172724,0.6378798579646784,0
910,2,1,78,15,90.04840014472506,21.9180880667316,0
911,1,1,67,11,68.07885083718891,61.57965332662432,0
912,1,3,79,15,9.13373389654319,757.3723742484154,0
913,1,1,86,22,5.355174086137996,63.062664586527895,0
914,2,1,118,20,5.76071770240802,36.91623227071265,0
915,2,1,123,10,7.068409736433945,16.332397535986505,0
916,2,1,95,12,778.1336785626901,1.2878764306874537,0
917,2,1,88,22,801.7764538925635,40.293005256108536,0
918,1,3,101,26,4.463493204700798,1818.764636959925,0
919,1,1,112,18,226.0803788120492,792.8114558397751,0
920,1,1,84,21,148.59551395537127,989.509009652013,0
921,2,1,110,31,60.86471618195549,32.634445335017254,0
922,2,1,123,17,94.36061136699301,4.139455319536123,0
923,2,1,73,9,755.5997373760296,53.03493971218743,0
924,1,3,61,17,6.675300488609632,10.214941597212805,0
925,1,1,96,13,92.05939557792085,13.501204322317172,0
926,1,1,87,19,438.7142583795725,41.79915071313767,0
927,2,1,78,14,168.628013953167,18.123405609331428,0
928,2,1,110,16,53.24542099702706,17.977742635178597,0
929,2,1,116,17,55.99133208118591,10.23606909202464,0
930,1,1,69,18,478.3314681057379,19.891751221268546,0
931,1,1,76,13,491.81446907066265,65.98160612518602,0
932,1,3,62,16,33.84150696389231,4.615020586906188,0
933,2,1,97,24,5.062280630535316,28.994438343971176,0
934,2,1,107,12,39.20954384363474,30.61420916332871,0
935,2,1,67,20,220.63707520015248,25.915129716948474,0
936,1,1,54,14,12.035137751231959,37.23944018611428,0
937,1,1,91,14,22.33336614873459,15.206440313024157,0
938,1,1,89,12,28.287839423492684,1911.7087872281168,0
939,2,1,106,8,15.376815796514206,49.74066767360775,0
940,2,1,125,15,5.536819220443895,8.910841682911569,0
941,2,1,95,23,57.89465730267232,22.84405644214306,0
942,1,3,77,20,16.096595303559944,27.860226924756674,0
943,1,1,94,13,238.70303078383915,107.70894914716982,0
944,1,1,61,14,7.817030934097107,246.59869423361425,0
945,2,1,97,18,6.207414776591997,17.852757045316707,0
946,2,1,126,12,17.65683954864932,23.2912011223632,0
947,2,1,90,16,336.05161102823536,15.369067001210663,0
948,1,1,50,12,7.442822458269811,0.8045768406047705,0
949,1,1,96,11,375.76530994935143,29.8692475812525,0
950,1,3,84,17,386.27777890375955,25.855339159455056,0
951,2,1,97,18,161.1649336617484,54.07671784098322,0
952,2,1,98,14,2131.8727569948164,29.793069224590607,0
953,2,1,87,22,747.0209798473725,28.018775618002184,0
954,1,3,85,22,23.26091234633668,11.58985363972028,0
955,1,1,94,12,90.869481805107,3.9030289762377293,0
956,1,1,78,13,6.071450081931277,46.57221469826893,0
957,2,1,77,22,2.960216243431556,59.93819233550825,0
958,2,1,107,15,9.846891670018723,25.66936203353868,0
959,2,1,92,16,86.82540099111228,18.163789766831044,0
