step_time,reward_onnut,reward_virtual,total_travel_time_onnut,total_travel_time_virtual
54015.0,0,0,0.654808027977237,0.0
54030.0,3,0,0.1646435678441775,0.0
54045.0,1,0,0.7296858901834498,0.1535445312224425
54060.0,0,0,261.6760474872759,489.40250174329424
54075.0,0,0,0.09332696665821891,0.34593175892716216
54090.0,2,2,0.2542369617200873,0.3242615868083153
54105.0,2,21,56.42192294795527,89.25274588945142
54120.0,2,10,1.6741871091083345,3.7201774235482077
54135.0,0,6,0.6922353844122682,0.7888655281165781
54150.0,88,8,12.646705237129591,75.53894870083889
54165.0,103,17,1.3055268620886435,0.37048780479725996
54180.0,81,12,0.6936758427669646,0.4874812804213572
54195.0,91,16,114.96878905219093,0.48827970540012194
54210.0,79,16,120.97020057953216,0.575936354042925
54225.0,85,15,160.70354490854533,0.46738652801996267
54240.0,99,12,109.58003447538995,0.6775580802752363
54255.0,97,13,91.52030450154824,118.85104044793512
54270.0,88,17,5.899280988786689,96.48538936354923
54285.0,82,20,42.169570248855955,1.4506007075302139
54300.0,84,4,25.33441769975331,402.5613302737626
54315.0,94,15,2.0542957126350125,0.4141130077630328
54330.0,73,23,89.39042867354246,311.9276565106199
54345.0,81,20,1.5600341872609333,145.95783029247602
54360.0,83,9,48.42745637907394,263.3355872117233
54375.0,78,8,109.87642667635505,131.73508585878642
54390.0,97,16,6.74546051031886,25.706811682712797
54405.0,115,11,2.833380598126281,1.1658906991033875
54420.0,100,15,35.378922894842745,32.89161486004569
54435.0,80,15,175.64693422353045,1.5317335115205704
54450.0,62,28,16.50428014453253,0.9888305944281975
54465.0,90,17,9.496693024129614,38.976016705529034
54480.0,74,4,113.6530165183075,1077.6662156426435
54495.0,105,9,2.586885726896396,1232.3684902626187
54510.0,95,6,133.23656969150653,601.9629977559841
54525.0,77,8,97.71858628003736,521.2246395506281
54540.0,69,7,105.18282374682742,720.7788517750909
54555.0,111,12,1.7154622376315476,294.3501191590429
54570.0,96,16,10.789121341659103,30.779466561834415
54585.0,90,17,10.72060369836924,8.458468464151451
54600.0,92,11,141.50035660815976,388.3064181364332
54615.0,56,16,75.58524702229116,1711.521747824875
54630.0,85,10,3.694810301913134,329.02495869121526
54645.0,107,18,8.00460878444936,1125.2257529204476
54660.0,109,14,206.73804001544184,2458.5437476193138
54675.0,78,16,1154.399786367047,2059.7206476995207
54690.0,78,22,60.02743103557893,913.2431319721748
54705.0,102,14,7.994584984106075,24.612589444391276
54720.0,89,10,111.49632549941745,72.88096002401416
54735.0,107,17,3.5378194824945473,3.429508030646232
54750.0,104,22,33.4460513213726,79.95447291152811
54765.0,92,19,5.405034163084889,1898.690334980907
54780.0,110,15,36.330884170239386,385.6670569722954
54795.0,100,15,41.08736512370853,326.6794534867736
54810.0,97,22,3.463493492400331,395.52137388118297
54825.0,101,22,2.6173247186349915,0.7902862760297552
54840.0,105,12,230.6306994173912,145.90553380719163
54855.0,99,15,2.7601183456807554,222.09604707294562
54870.0,99,20,1.808361613020752,1203.7984988746457
54885.0,90,16,5.2589527127682265,1502.1870900079332
54900.0,87,18,73.97052885202231,762.3478766993935
54915.0,96,16,35.60464219765797,749.8958266407583
54930.0,109,15,3.3703937586299477,815.2594537707429
54945.0,108,19,2.4934089664960393,1.1173209027769972
54960.0,71,14,161.1705221215164,133.85611562434076
54975.0,100,17,223.24106257812213,543.4448584475979
54990.0,103,21,2.3609573434385753,1796.798049802802
55005.0,85,6,2.019368618362683,988.7245763870604
55020.0,81,11,45.35725475936387,95.48464718960686
55035.0,83,16,2.8410452192208897,587.4598335184018
55050.0,83,13,42.97595042160453,387.73366131493486
55065.0,84,21,908.6424759348869,559.9857266288583
55080.0,86,6,20.744421371097438,111.03000751777657
55095.0,110,14,4.792133138360404,3.0060111704202215
55110.0,99,13,109.07685487341124,491.78339265178454
55125.0,84,15,20.015599275429913,2.262331401306715
55140.0,94,11,133.41743952769744,161.3281686131845
55155.0,98,13,185.87362806308602,403.86545745055355
55170.0,107,12,863.608076730105,91.15271135415783
55185.0,90,11,24.874004824646033,127.52582754868503
55200.0,104,22,408.3966896460777,1000.7720462842512
55215.0,89,11,303.924327968848,1085.387572621759
55230.0,96,13,872.2659855894964,1339.4648007583426
55245.0,51,6,85.58490696046938,1720.810535933508
55260.0,96,5,201.1132295976746,2562.7254836443612
55275.0,94,5,266.2935078503451,2509.1766271096953
55290.0,90,11,759.9059618733728,2283.0900681907224
55305.0,79,7,104.95381568538119,2230.4082253784986
55320.0,92,1,64.78150115842786,2487.085069592965
55335.0,91,4,87.7486246781873,2509.1546729903757
55350.0,78,16,43.813555772266554,1670.4805545413583
55365.0,77,10,65.77569691182893,1136.5943648611997
55380.0,82,2,134.53895774560496,1010.2203232007226
55395.0,86,12,362.5886310830007,440.1701246415413
55410.0,68,18,862.6330847477564,238.86084687351115
55425.0,83,24,41.28942236882863,50.23918934574826
55440.0,95,13,125.80179508996852,123.42652703804967
55455.0,69,15,85.81367713442388,38.60395409003777
55470.0,96,20,21.86104490469966,302.7495608530441
55485.0,115,13,10.069406681169385,762.190377280726
55500.0,120,10,147.3092809519823,783.9644151671571
55515.0,94,14,539.894004544806,94.24093074849597
55530.0,90,25,44.15667235566643,586.0401308716549
55545.0,93,10,65.14442375434393,1038.201140434468
55560.0,113,4,26.147076337678495,2002.4655665414211
55575.0,67,6,36.785961902617515,2539.612414956103
55590.0,92,10,40.30727816708246,2296.302175485737
55605.0,86,13,133.06975332423613,1620.3319159495843
55620.0,63,19,662.7722149611928,1419.5891338573074
55635.0,72,14,101.45360092940152,48.248394880084696
55650.0,97,20,65.04848769378641,34.015737819427414
55665.0,77,16,82.30677386401258,44.2795430171651
55680.0,69,12,652.9880827442929,114.77585208051775
55695.0,65,17,31.798213100358073,175.55676110457514
55710.0,103,13,20.964596976190794,876.6664037203738
55725.0,91,14,13.518337797394164,16.138316218118803
55740.0,120,8,23.903278979609894,102.89836033150549
55755.0,107,17,30.792619051126113,41.036614978996596
55770.0,90,21,10.827771857818206,272.5088902410125
55785.0,97,25,13.228001974203282,273.8716061741399
55800.0,91,16,47.98142892511257,218.23082479474272
55815.0,74,15,155.85013570042898,374.55977422040104
55830.0,85,21,22.62475699238348,360.0444346246544
55845.0,68,23,35.25536229104374,1286.0080018847216
55860.0,48,12,693.5812063129807,429.3424844859295
55875.0,36,21,42.049831709249176,433.1059287589137
55890.0,104,20,30.585763841208006,0.9786614547267111
55905.0,88,14,75.0464952773155,136.75000103307676
55920.0,120,15,17.932239081893925,908.8727967233382
55935.0,112,12,42.05638532366813,163.57926166814576
55950.0,97,14,5.253908225849538,2.686609576022018
55965.0,119,9,7.251605058957427,30.753573544682915
55980.0,106,14,88.13683420306249,293.70909573931283
55995.0,105,21,12.514716049163432,317.6843110093756
56010.0,90,14,34.86643047138732,430.70552328879234
56025.0,65,5,42.49199105580356,28.081225371231483
56040.0,100,19,90.37386887616302,148.52700732287929
56055.0,84,28,177.57251717829084,348.34373233207475
56070.0,43,29,771.9668418792968,822.1097269805182
56085.0,75,31,104.8934722421783,1063.3956838992056
56100.0,93,4,39.104556027320456,1112.7875567361127
56115.0,95,7,55.81312333024608,2395.782666654658
56130.0,57,15,727.5027984777223,1785.8093369399476
56145.0,70,9,90.35247711731992,2144.03767498787
56160.0,91,1,18.301534386831488,2426.8175925102296
56175.0,84,12,74.75162949288783,2047.4010393241892
56190.0,45,22,197.69618177224143,1939.3497960039151
56205.0,74,10,26.425107136060305,1143.4274355907817
56220.0,94,4,20.72174215216062,2142.2786457263032
56235.0,103,11,97.14205415552847,145.81231219058827
56250.0,98,4,742.0911736815749,156.5463928427341
56265.0,59,24,112.27565940963981,147.8608271098846
56280.0,92,13,62.41661339416349,382.76790043415474
56295.0,90,14,236.78759584925228,825.00444874629
56310.0,46,12,692.6767355439778,1078.80727054051
56325.0,64,3,65.1294396840304,2720.513251017435
56340.0,89,9,14.071094117374706,3031.489543403308
56355.0,83,12,81.07255407928598,2295.2230433097698
56370.0,96,6,40.61286242379795,409.6440147012696
56385.0,98,9,153.13727867445644,336.815225325778
56400.0,107,1,598.493372073216,989.6759636288322
56415.0,69,8,133.72269656966685,1759.6772813044547
56430.0,97,8,160.98364233575649,2338.9349792556627
56445.0,73,8,161.54627739735312,1575.4892886715834
56460.0,84,1,670.5970795719223,1636.3339181272847
56475.0,59,7,50.30801321330186,2106.9453509051937
56490.0,81,5,11.002437592836165,2697.412490283611
56505.0,62,12,15.797615037641714,2104.534730685817
56520.0,90,12,70.52006540103207,1523.2177510670458
56535.0,85,18,112.89261505187356,1012.3113899145052
56550.0,92,23,141.14622740633934,36.30062887346222
56565.0,91,20,141.2311456722089,69.01625200885253
56580.0,81,12,105.67245653036412,959.8851382470871
56595.0,60,15,716.9207639249669,1360.9445602510925
56610.0,79,23,71.81398495631937,744.094372193268
56625.0,86,22,11.009208084469556,809.8196546772089
56640.0,78,17,71.56725992802711,403.08235687800203
56655.0,83,9,8.022897037487015,3.7487080121584784
56670.0,117,17,10.750464359383919,27.662909908159136
56685.0,95,13,7.948265919852042,1.7608552187710391
56700.0,88,11,25.14977938395436,182.56696666502367
56715.0,83,19,162.8081242778858,1.138725116998446
56730.0,111,11,44.18875157970978,26.235534745391476
56745.0,113,17,7.873945523728893,24.294561237581807
56760.0,96,21,14.057207665205832,54.581109645988754
56775.0,96,17,107.72481516465298,2.904517491577236
56790.0,74,27,117.0768382352534,314.7918462925511
56805.0,101,26,266.00029161699547,61.00784524841333
56820.0,88,14,331.76887797165955,65.35872613362572
56835.0,92,16,750.2227568084747,9.92525987814034
56850.0,60,21,236.48018771475628,151.21515495116662
56865.0,81,24,217.2365279418534,157.03622618902398
56880.0,88,15,59.5372320075157,197.067104798074
56895.0,81,17,16.160518592344935,9.562721432330857
56910.0,94,24,13.916765817824606,1337.6764442183503
56925.0,79,14,38.89071112421813,2160.2061588683246
56940.0,106,16,520.5251981459807,41.94272974499459
56955.0,102,24,56.493306739956196,15.226226459445725
56970.0,122,10,149.06289456696808,62.49793416288941
56985.0,100,11,112.66285528259534,461.4515967320125
57000.0,112,14,102.3567600404775,1711.055020062959
57015.0,97,8,102.37226747690629,2071.0689655302313
57030.0,105,20,110.30406346106416,2448.308510653414
57045.0,77,25,180.5166040399271,151.38888932652893
57060.0,63,16,568.1345736789966,98.52078758350552
57075.0,67,16,113.40243027505463,491.6810058464634
57090.0,98,14,11.96445562240712,379.8069493280991
57105.0,86,16,51.612516352295124,417.871096890045
57120.0,72,12,582.8306314366861,1920.994400015378
57135.0,56,15,47.78906634685845,2240.701601636516
57150.0,101,20,16.09277196780101,2937.404588392593
57165.0,99,14,11.171288202092096,120.7953199145537
57180.0,100,14,45.985282643722925,156.42648697066508
57195.0,87,16,583.370854627606,399.93643751274794
57210.0,99,21,16.68185665493286,35.25450818440061
57225.0,87,20,11.221809814220887,216.4129268126884
57240.0,89,14,31.846909758677068,535.2794016709298
57255.0,75,17,560.1729561009022,2244.5847965518024
57270.0,85,16,49.62426514492903,1589.72455150184
57285.0,110,10,14.379253840149033,58.55970912045364
57300.0,96,13,59.13765390000659,57.47173132339405
57315.0,99,17,554.8614963413598,24.178014010034858
57330.0,69,14,277.56175113845546,192.78575691802132
57345.0,110,21,17.42041276287211,104.06705098120574
57360.0,97,13,70.66483393107013,2262.3898544261374
57375.0,98,17,591.0865015438957,147.70671288457999
57390.0,89,18,22.510449871986765,307.9417855394817
57405.0,108,19,10.039106364720714,188.09486977501828
57420.0,98,12,26.776504850872062,16.701158420847204
57435.0,96,14,548.9817071866842,7.959733673890081
57450.0,99,20,19.29069069558099,334.5781074855868
57465.0,83,17,11.226879479413125,1490.3371075486302
57480.0,58,16,72.13274004099672,755.6004453274181
57495.0,37,21,609.9535876587905,737.0804920633246
57510.0,91,22,18.894103011547234,10.785617253112413
57525.0,100,19,10.277461688107376,59.858628066978106
57540.0,86,14,41.006810013363115,390.2331966260543
57555.0,68,18,530.1858236664599,78.43274883635341
57570.0,92,22,24.854366071542916,291.2442299782375
57585.0,111,19,13.518955913978129,1241.43342469577
57600.0,102,14,99.47255843839508,3058.696037898965
57615.0,97,9,540.2857887069857,773.3782643389661
57630.0,99,21,16.72042559891751,27.32486399597696
57645.0,104,26,10.118047688142926,34.149886591407665
57660.0,103,16,28.192137174739408,371.5795124394223
57675.0,90,17,584.5673138491918,360.09787982500205
57690.0,104,25,32.30973669184166,1525.3194970340505
57705.0,109,20,20.561919553616423,306.9905464523757
57720.0,97,14,28.353873678586584,1068.8063114085949
57735.0,101,19,605.3915673105067,19.076595239483435
57750.0,104,22,17.82268860657351,35.75803754864997
57765.0,112,20,9.622939631178637,65.9271769727683
57780.0,98,6,26.904160834257404,78.33524478038008
57795.0,76,14,531.9258792999242,27.88919184759559
57810.0,106,13,34.72579599686902,5.512739627082152
57825.0,109,15,10.56974673085715,14.267542744042624
57840.0,99,15,109.36729911762474,422.76269325360806
57855.0,90,18,568.8133182886177,1766.8331378037005
57870.0,98,14,38.08111496755849,2341.652609298379
57885.0,112,17,13.666743118393468,2392.2484943532577
57900.0,89,11,80.45913022771728,844.6853457692641
57915.0,71,20,530.699086523384,1606.0319068157094
57930.0,106,24,28.571844201203945,1424.8857754276873
57945.0,111,22,8.454066585680987,34.12219444712413
57960.0,78,18,66.73671054059662,19.993399315014113
57975.0,65,17,518.6600779213585,7.371056818779344
57990.0,103,15,17.211740110826625,403.47964397732824
58005.0,114,9,14.051393381862308,521.8190140411022
58020.0,79,13,62.98995021049918,1637.2927113490837
58035.0,70,17,528.0620158597173,111.44027356041325
58050.0,96,26,48.10328499183841,78.79941928150741
58065.0,103,5,12.769612786327489,47.915643138698684
58080.0,98,8,70.8314144761621,58.868002940769664
58095.0,83,17,595.1422428072634,28.355174255897154
58110.0,92,23,21.09809748752074,497.67247974696465
58125.0,101,18,7.785404062502434,666.7844038054543
58140.0,81,13,37.57841247484358,621.0218684234702
58155.0,71,15,563.9146978577645,14.220232615449198
58170.0,107,22,35.08101028463139,349.42258135214945
58185.0,96,21,47.10742195986994,211.22649368828155
58200.0,80,14,29.609845608474828,2473.7094416876616
58215.0,64,16,565.5001231079074,38.2755785467457
58230.0,90,20,21.28890649915561,45.456151881408786
58245.0,83,15,11.126986512365216,238.69335739352104
58260.0,63,10,21.19606586768094,2897.2635774127552
58275.0,61,16,523.0453397154637,259.5084310115055
58290.0,99,24,33.41314816392714,49.79342832627497
58305.0,116,14,8.724014143356722,12.235683592962765
58320.0,72,13,88.66962163368498,275.1516346005287
58335.0,68,17,572.3368465635579,406.7646323383647
58350.0,92,16,28.71924716497313,587.6489781268846
58365.0,103,18,11.71249262779363,120.44937771666582
58380.0,55,14,75.84822715799675,40.74552152580872
58395.0,45,11,533.78172665709,21.04227516636166
58410.0,102,16,20.952697541000497,5.943521927088957
58425.0,99,17,10.359734379756766,426.0760513402247
58440.0,62,12,65.70270026055255,346.69269705318334
58455.0,57,15,567.9673929135381,25.911169684128872
58470.0,100,18,25.169971053182326,1602.6504050208493
58485.0,96,23,12.96436613374986,179.05731917229167
58500.0,81,14,43.75030684845065,83.70662549073221
58515.0,59,8,585.6482393404713,490.80440041149916
58530.0,83,20,32.26336224035911,313.9048355162354
58545.0,108,21,14.165879172642377,247.5532236797731
58560.0,75,16,73.82980987724558,2204.1027518152987
58575.0,82,8,578.062345996127,26.61891130141644
58590.0,91,21,33.64979962411701,24.912664776653948
58605.0,108,24,19.04138650171006,49.6080787374664
58620.0,101,18,71.38851025380833,1591.8351050570034
58635.0,89,15,630.4224868698998,41.51713330748294
58650.0,107,8,183.16546539211916,11.399722522331793
58665.0,112,18,12.552787558530571,74.71692489744314
58680.0,98,15,35.629787175613274,410.21923146045253
58695.0,96,16,608.3068571226268,2164.1484548026506
58710.0,87,23,23.087917778720826,27.099145017509855
58725.0,96,24,12.164827957008916,49.75646791738152
58740.0,68,16,31.442280928526973,18.88804366110007
58755.0,94,17,4.701485426905906,282.83385342407206
58770.0,94,24,6.692560462103517,788.7627765889541
58785.0,103,15,8.888697952699843,92.96623570762458
58800.0,99,18,24.277600178064322,25.53135417299839
58815.0,67,18,5.017097201969378,461.7545967908902
58830.0,99,18,6.5605040932126695,2229.9937485444693
58845.0,84,21,51.353813290443675,25.43551663362196
58860.0,83,13,8.25754041411691,16.90961495810217
58875.0,87,15,21.588599763411125,4.606562965808111
58890.0,108,19,6.9753440580508,13.813039633150172
58905.0,121,16,282.31342865437716,1736.4375771103928
58920.0,89,10,85.4992954571272,2321.772726405782
58935.0,85,18,572.2838241294428,13.720639652559992
58950.0,92,20,23.966134464874887,14.4214062462505
58965.0,112,26,13.908881787885772,50.92861742202315
58980.0,98,22,17.340811105712024,82.56460274438227
58995.0,92,16,552.4776780094072,1634.428571841133
59010.0,105,14,19.336034997747397,2232.5446392966633
59025.0,114,7,9.840013567417484,129.9096275065328
59040.0,102,13,30.621301607376303,2553.777100268588
59055.0,85,16,648.2147397929803,20.604464125105302
59070.0,101,31,9.353228632184534,10.13556485376591
59085.0,108,20,16.985685707356996,23.521226485194052
59100.0,91,13,36.82492941228869,375.85810114614037
59115.0,73,15,592.9453583375025,1770.1004287640078
59130.0,101,23,31.03044671204017,2242.0596456717526
59145.0,108,17,10.208997252677799,396.1405823570534
59160.0,76,16,40.506363213218705,1201.915489874107
59175.0,94,16,614.8936863824399,786.1633214106583
59190.0,104,20,19.261029002601173,784.6745968209178
59205.0,111,19,43.14990263712351,81.13407395670231
59220.0,89,14,59.22534589096616,54.54390762278874
59235.0,92,16,581.9945203645675,12.442677994731092
59250.0,97,33,14.233408937969791,1694.4139464835932
59265.0,107,25,10.522862722449121,32.2134368766147
59280.0,77,15,30.133280365113354,5.250447639403974
59295.0,86,13,5.703604599061699,345.2659883096164
59310.0,105,22,4.080234642420216,50.41893351841246
59325.0,119,15,10.119408817696097,1452.8571105428957
59340.0,97,7,27.159640312311026,746.450418999439
59355.0,92,16,685.2289896294309,3.600128210937769
59370.0,100,21,6.2016907278671045,15.228086586438655
59385.0,103,22,7.561194790695649,39.49367113160624
59400.0,86,14,60.192848479124784,891.5986833324656
59415.0,63,13,629.1225243697908,45.21379189556097
59430.0,98,23,9.011849910968483,17.58754527292631
59445.0,116,9,7.04027941650959,183.31541615291485
59460.0,100,13,25.586988712146077,434.2712348027651
59475.0,102,17,550.5286777768468,19.78079036246514
59490.0,109,23,41.73401465908168,1511.7302600575526
59505.0,96,24,26.242380232792517,190.23457213525495
59520.0,71,13,289.01734784982375,1564.5732533063292
59535.0,80,13,970.0360900652275,30.730229070414353
59550.0,93,22,297.9136495334198,37.72871393861159
59565.0,114,16,146.59715403013752,334.23168278032944
59580.0,88,15,98.65680789031626,300.1307502323165
59595.0,51,17,627.7079579142163,40.622154076568165
59610.0,101,18,38.953508086003744,1682.1370133270523
59625.0,95,14,11.697956902868885,152.31549887820324
59640.0,78,12,61.32439316371738,2953.3624404982847
59655.0,65,17,620.9715945903471,861.2391557706642
59670.0,100,31,6.550288849505733,882.9738928776081
59685.0,120,19,10.14095582676524,164.1682759234538
59700.0,94,20,16.199308467593593,3.2206083381067807
59715.0,71,13,567.1088728020889,19.382768464131633
59730.0,104,18,11.963047437521027,162.25641228426963
59745.0,119,16,25.81734289712328,458.4544744038343
59760.0,97,13,59.04017709357654,1586.029524880311
59775.0,94,15,609.081457605739,30.883917152178473
59790.0,99,20,10.33333503749511,65.80712330187619
59805.0,86,14,9.952854656291185,1770.3485319180072
59820.0,83,19,27.18282058366178,52.24953599400903
59835.0,86,16,563.4631446517536,156.8912139404764
59850.0,96,18,10.864227756678504,20.077331885020772
59865.0,108,18,8.483033095850834,71.96841429735439
59880.0,82,15,25.230261877992444,88.78361995586225
59895.0,99,18,883.9075636284375,1709.1528439580186
59910.0,94,22,78.30514011456995,1718.0017289140976
59925.0,115,24,114.45630759002312,2284.3548616293433
59940.0,98,13,135.9337098868934,125.49182213142066
59955.0,86,19,667.7597751739712,47.038613908133975
59970.0,103,24,40.00358384109103,773.8970451118836
59985.0,112,21,8.840545740076788,85.36200038155556
60000.0,98,13,55.70161643780554,8.045729776513536
60015.0,80,14,629.5490137587991,6.7817001680952025
60030.0,97,21,7.394442925535058,403.7370035755758
60045.0,116,12,11.728243231929477,2005.3970945049077
60060.0,103,8,36.604761239859826,104.28879382999595
60075.0,89,16,657.0166558993302,1710.583100048026
60090.0,98,21,8.237617485947005,99.77966856383419
60105.0,102,27,9.63943649113292,77.28751712504348
60120.0,77,15,55.81090395031786,402.76158596648054
60135.0,78,17,563.1453609859117,143.05567923321846
60150.0,109,15,10.086753783059349,1659.9102112487337
60165.0,114,23,204.9948765763661,143.35525790894786
60180.0,98,7,1147.3051717748062,2748.078612267395
60195.0,92,15,577.2148623676565,1523.8247413987558
60210.0,109,22,84.78323817313213,819.7150323679142
60225.0,117,16,11.219864768700349,43.45445311519869
60240.0,99,12,19.170543022748387,18.071937995153917
60255.0,103,20,596.363092045014,71.37671014703628
60270.0,106,20,14.316174326346024,16.50716655299271
60285.0,112,14,5.709229378337363,718.5068546537187
60300.0,79,8,51.70015682740709,2123.92932352254
60315.0,61,12,649.3999980562853,28.046117339535794
60330.0,99,23,6.755098048495893,59.75309399956054
60345.0,108,17,13.058233461360537,64.00524435846253
60360.0,95,17,38.67375191089986,438.88324342715623
60375.0,92,18,591.0130179499741,925.6337928561138
60390.0,109,23,8.938645181989012,906.5562629895448
60405.0,116,19,12.936435493508323,951.7288885928323
60420.0,100,14,9.804278361325203,314.3426246989124
60435.0,99,10,585.2032747904921,17.69669193737871
60450.0,101,16,7.927200364043457,402.82956369047713
60465.0,105,16,9.255819555630646,1817.6258513533546
60480.0,74,14,77.50067844380698,2141.14008257811
60495.0,61,19,574.3465920494178,2614.583428552902
60510.0,102,18,20.689909147357533,519.8142455296754
60525.0,108,18,12.382716546986357,111.90533571720596
60540.0,96,12,20.383264816819334,28.838142485242855
60555.0,80,17,596.3929327755054,7.4309931479723
60570.0,95,25,6.632736936152572,364.7343844877161
60585.0,96,20,10.219823355575334,744.5019081332421
60600.0,99,14,25.202597311018934,1694.8018733423028
60615.0,95,15,620.9401704360815,1722.7584837996494
60630.0,86,26,15.569134307646486,261.9365376918644
60645.0,115,18,10.997863850445135,51.74608039868375
60660.0,102,22,143.58968309545358,32.27414702079729
60675.0,65,13,661.1628995287881,336.4917009434445
60690.0,110,21,40.93006757499378,336.5749818827099
60705.0,95,24,109.56852453520949,70.18388639004253
60720.0,63,13,1536.8323077531147,2886.995967011673
60735.0,71,17,666.5950601862896,2392.4295074583215
60750.0,88,20,231.01948447899647,950.9331291870232
60765.0,116,18,9.391438593690662,67.02240584024713
60780.0,94,14,31.394653130937566,73.99856135057806
60795.0,83,18,696.3626403112714,488.14522132347435
60810.0,99,16,9.095757013505509,337.31451009868823
60825.0,92,22,15.832657029488528,370.7414795161534
60840.0,68,12,51.78955470689848,30.601190793698894
60855.0,80,15,627.0098202337405,1852.2502530267982
60870.0,97,14,15.693294081925613,1109.3209149304348
60885.0,116,15,9.344359793541203,805.3821737164392
60900.0,98,10,26.098354964313174,1508.4180500985638
60915.0,84,16,627.4339474625627,138.1407363489034
60930.0,105,23,7.8098869037607885,107.79326983281021
60945.0,123,21,9.212822152518248,103.60642553266992
60960.0,85,15,44.533237726512375,5.1634525419808766
60975.0,82,7,17.160354704776932,343.0349257402908
60990.0,104,12,14.512015507966186,931.0520711921212
61005.0,106,14,25.68442992280691,849.1017648036157
61020.0,97,16,38.676722208596786,131.7893083938939
61035.0,98,16,609.0392665646705,52.351351030325986
61050.0,93,22,5.430549096726283,35.44434024858609
61065.0,102,17,8.702819917432803,379.51815518938537
61080.0,92,10,95.78950040605545,469.9770819622427
61095.0,72,17,667.8948186526537,102.10586004068003
61110.0,103,16,7.720477939871993,730.553240041573
61125.0,98,26,7.762257982600841,43.7991730537496
61140.0,85,13,53.740855081430574,28.956867667090492
61155.0,84,14,603.8088986207607,744.4433790491106
61170.0,98,25,7.708722780499156,1233.998710895322
61185.0,112,22,9.847343956931965,683.409549031564
61200.0,102,15,29.295391050173535,2729.6680175913066
61215.0,83,9,665.1060716201533,182.1558646603962
61230.0,98,19,8.477612552907246,8.757824910929978
61245.0,117,26,9.973305585393705,26.135317263147673
61260.0,94,14,68.0726195355842,200.94407903679647
61275.0,86,19,615.0946416333074,357.10713066133184
61290.0,111,10,1807.6701372814716,2006.7872551814487
61305.0,118,12,2081.199748728319,2574.7333286837625
61320.0,99,12,594.0666812828474,1536.8211730858798
61335.0,89,18,661.200168290756,783.6010675758966
61350.0,107,15,17.937654665126715,2851.1708170140514
61365.0,116,8,53.89049269495603,43.52877237352621
61380.0,95,16,13.729942536610425,18.239427665555294
61395.0,97,20,76.90235638018741,11.641559051795035
61410.0,104,14,10.388461786609321,431.1961206389022
61425.0,106,12,14.483057982370848,2133.8260661690283
61440.0,101,12,11.494848717667276,1696.3302507571323
61455.0,88,15,606.3647346984133,2241.584385775951
61470.0,103,21,7.329365843311268,2860.3434255719108
61485.0,109,21,13.8435055476988,251.81038724700298
61500.0,91,15,73.8945827560615,37.74300290540969
61515.0,85,17,609.6308319179647,20.26469165664171
61530.0,97,18,6.195605113838668,397.62061370183824
61545.0,109,22,11.669788287620614,425.57401995962664
61560.0,105,14,59.20396395231622,2236.4208068175963
61575.0,88,15,648.2438387718541,43.44878334891033
61590.0,109,16,25.511849785042884,91.63830297035355
61605.0,105,24,8.841184590425739,34.197162843033425
61620.0,93,18,21.222021031269257,82.77396546344058
61635.0,95,17,72.9908971639524,56.738092287576585
61650.0,92,21,9.545661093522599,36.63982618301041
61665.0,110,18,16.49007326504095,419.4395360104932
61680.0,96,14,25.34882230087617,394.1722201477594
61695.0,85,17,564.4627162454078,2021.8432044304316
61710.0,101,22,18.046249969841185,2275.7098182288287
61725.0,116,15,93.9748137111516,1665.7079570613994
61740.0,69,11,364.74841356560074,74.54700571427048
61755.0,97,10,368.5406935645734,62.40271542789569
61770.0,111,15,393.15273376191146,16.004425618853713
61785.0,105,17,453.5494678440936,58.58775069114589
61800.0,98,13,195.27292502617146,1856.742991327552
61815.0,76,16,154.2978034001822,2305.9855645381144
61830.0,102,15,17.29652962550659,2296.3503951230714
61845.0,119,24,11.60655165709662,61.27557446659963
61860.0,97,13,8.51938758331194,21.163537197884807
61875.0,90,17,32.614132529054174,32.97461336848059
61890.0,102,24,5.776428559794436,314.5112959721279
61905.0,104,19,37.352495522103034,879.2647140925252
61920.0,72,15,20.327585065662806,2305.733011026775
61935.0,101,16,16.023530793981163,194.15768991780703
61950.0,107,16,50.414076955650366,1723.4381956689126
61965.0,115,19,22.075372591573576,756.578880338155
61980.0,89,13,165.08227591475782,68.6289577864892
61995.0,82,10,492.9033213680705,455.7419851680088
62010.0,100,20,12.732601242448146,363.2311922871279
62025.0,108,20,13.245156479624297,1802.3878051340314
62040.0,80,12,17.486596486377827,2122.7824283354144
62055.0,100,15,304.83105981152414,363.8565642656193
62070.0,97,18,5.386028423072277,2391.11478303505
62085.0,89,19,16.76182790668493,67.50578078195808
62100.0,87,16,83.14203661141954,15.850632196848974
62115.0,99,18,14.791825566403311,68.25580904837749
62130.0,99,19,6.894945855960939,391.38051503396554
62145.0,82,22,17.641249395596585,446.9119470781008
62160.0,57,14,419.9400770117835,841.9776928770085
62175.0,24,22,462.97546740916647,137.19007284543582
62190.0,86,20,776.7011151854524,27.793908330917102
62205.0,104,16,5.842236825625767,10.302953181381383
62220.0,101,15,10.821549540463135,15.124110703165133
62235.0,100,16,128.37993058202562,187.07832899721936
62250.0,99,15,271.8099244865725,402.0641589484061
62265.0,106,16,2508.1494814705115,61.63512936217907
62280.0,106,16,2653.149100610832,61.8482686587573
62295.0,79,8,404.8056788239408,733.7228878136963
62310.0,100,20,11.310677842371428,1408.5784191417147
62325.0,114,26,10.331184712774231,20.862680563451214
62340.0,97,15,49.64609298088493,82.55057875298232
62355.0,99,17,63.25103833018685,397.5194115202813
62370.0,99,20,22.01042461200113,411.3067064784796
62385.0,79,15,7.966975017011711,1922.3611971220141
62400.0,70,12,38.17537737738177,2213.370084782536
62415.0,49,19,622.9802367983901,40.34690794286638
62430.0,96,13,12.821059385818685,436.2260050009452
62445.0,102,15,19.69885201578739,304.4014883293582
62460.0,89,14,59.60196433480064,38.64388645726748
62475.0,100,7,650.5458641530645,22.793306694312413
62490.0,105,16,21.559108798879063,931.660545737779
62505.0,104,13,49.33485777759589,760.3201306133374
62520.0,87,20,25.232417023335593,71.72948578779965
62535.0,69,16,659.7506512449731,5.068685932472073
62550.0,105,19,306.81124583536086,53.83059973368605
62565.0,100,17,17.081604326402914,25.89616505005773
62580.0,84,15,20.293342466742587,28.212500242079557
62595.0,59,15,662.9223966178002,325.73401223203473
62610.0,101,19,9.612559948536461,2265.436177314229
62625.0,118,7,14.20957486406649,111.38901240637401
62640.0,106,12,19.92593649204428,107.93334869180019
62655.0,77,20,570.3722978267898,245.52001518505
62670.0,113,24,10.454387010720946,37.94889544590006
62685.0,111,7,13.705772688212344,259.59450412302806
62700.0,100,12,22.185599767603396,2640.3019213234847
62715.0,90,17,412.6709192761349,1714.9492286107495
62730.0,98,24,1935.0509975429347,738.9640417419238
62745.0,103,18,854.706115003279,27.056431424757708
62760.0,79,15,1092.0792008882988,21.698186712132646
62775.0,104,15,2606.2645049903576,33.51162911666076
62790.0,94,10,48.96123671107807,221.00783040971442
62805.0,116,14,67.94405411528926,51.98907782718913
62820.0,88,13,94.08798032224384,33.98232284253621
62835.0,72,17,204.08184284655917,3.4822127592611567
62850.0,97,19,294.54042118130366,66.01098527289122
62865.0,98,21,111.50919796027368,385.2365630780481
62880.0,82,15,100.12852966001428,1940.6611977757707
62895.0,67,18,694.2799467890214,28.6611766115526
62910.0,94,22,8.11739739452429,49.443754512512854
62925.0,108,17,9.74224386054825,781.8156937682165
62940.0,83,14,51.951616718411394,672.8505790383894
62955.0,71,17,622.1935227018665,21.55961177117728
62970.0,95,20,7.534754130683861,24.744891049741653
62985.0,99,15,9.245212891007332,91.19397143011301
63000.0,84,9,11.696435395783691,347.29665558027943
63015.0,77,14,606.4671014805965,368.02284452993337
63030.0,92,19,5.204776049362724,2203.105845319767
63045.0,112,11,12.42815144262357,418.72456661854676
63060.0,89,13,63.36003829341961,819.7681052834595
63075.0,59,15,601.4835261545745,44.28633113115171
63090.0,104,30,93.91137279379717,27.135230655449845
63105.0,108,17,14.95078498474093,45.92545746486358
63120.0,78,12,14.48654343629266,345.0697217819789
63135.0,85,14,38.005986290647186,36.53196901155803
63150.0,90,17,15.841916420744408,1596.8336677582445
63165.0,93,16,144.19687964876096,2168.1973006427615
63180.0,82,16,327.9499101244989,1563.1652829502993
63195.0,55,17,730.4503252962022,48.1210040047418
63210.0,103,20,2471.7512004137357,52.78967955799443
63225.0,100,21,2228.9071384866425,487.7584259165587
63240.0,81,13,2426.654678023707,407.16292619759736
63255.0,81,12,732.6518372854587,391.2362795235633
63270.0,102,18,110.2971330088751,1608.0124390196402
63285.0,114,17,111.96494568875099,132.98062967768385
63300.0,97,14,148.23548420001188,201.65537102159897
63315.0,68,15,67.59830775037031,113.286554060042
63330.0,72,20,10.864666665331427,36.70124300524343
63345.0,110,22,20.012358492880324,141.33693280804732
63360.0,71,16,139.21701001726996,129.2388129222568
63375.0,93,14,645.7422411397812,77.17891021894113
63390.0,98,17,13.302001624410181,427.18105631431825
63405.0,102,18,15.73748875647005,2016.6025077985435
63420.0,89,14,40.28683847991555,2208.6146630825297
63435.0,96,10,31.51826992758689,2612.3949032392707
63450.0,102,20,6.783868717283525,2925.0560298777746
63465.0,85,17,11.338364879550006,38.55458857358507
63480.0,82,21,52.40519757512907,66.91155268511818
63495.0,80,29,450.21396388483646,553.497512642363
63510.0,80,22,18.086461223270213,321.87110759159685
63525.0,76,8,2434.8983970201016,616.7612260607164
63540.0,55,15,2511.689805907275,1724.0900232367167
63555.0,29,14,577.5805144625322,113.8386056064246
63570.0,90,19,16.947707773932404,134.8262742311458
63585.0,110,19,43.08919043717058,411.8759567273082
63600.0,99,13,81.10864444544679,1609.3134993209646
63615.0,64,14,580.5142529961894,10.309879316220846
63630.0,90,21,47.45877636102352,79.32734775859643
63645.0,102,18,80.12622562741137,60.93212711467354
63660.0,87,21,2148.4681684907678,3.2806569160628625
63675.0,73,19,366.8235360099953,6.289248212584715
63690.0,85,19,16.102242714274553,381.6071675163034
63705.0,89,31,7.442180240177412,822.8080582397463
63720.0,86,16,44.00948168542907,2463.876795831912
63735.0,66,17,72.5245809908058,2302.048191728832
63750.0,107,14,8.6899277398853,2279.428273788207
63765.0,117,18,76.43789184033079,104.8235710440475
63780.0,69,12,131.6316693463073,46.19101077151454
63795.0,84,13,743.4978686405481,36.89924202341001
63810.0,96,13,29.323925026355,13.288068954459849
63825.0,114,24,76.57064931169937,64.61934285557811
63840.0,97,14,48.19713622509085,9.552275641908544
63855.0,96,18,72.12332500916506,1725.2720117770732
63870.0,102,18,6.181824985022497,265.4745047599541
63885.0,115,22,12.78332081975184,103.89074815009313
63900.0,87,16,45.08778305931869,40.914752213525325
63915.0,57,18,508.5716664248892,21.695327956805787
63930.0,99,29,13.493978928019484,63.078484478672515
63945.0,107,9,54.473559163391904,34.38651953105537
63960.0,76,19,9.344252182833152,658.8493618212055
63975.0,93,12,9.420380836675738,92.29309133293103
63990.0,95,19,7.473475968455095,2228.404808954886
64005.0,107,24,14.684987904244336,1626.0681258603115
64020.0,72,14,86.67384919736818,784.4180776824858
64035.0,70,18,353.8261777466079,20.61062198751759
64050.0,97,27,2712.0781694458074,32.8105059211338
64065.0,106,18,2366.304296191131,437.6551338260227
64080.0,76,13,2401.2520704038234,460.96700376807735
64095.0,77,15,461.7260551528959,408.6094101245848
64110.0,100,23,13.837052438942738,1695.7433951624273
64125.0,101,16,6.96063885030681,180.41845538546465
64140.0,93,17,15.883948358551999,3001.2580246268226
64155.0,78,16,14.896952192535714,997.0440954992307
64170.0,98,22,6.725604442556986,89.29331301847579
64185.0,99,22,12.189940392384925,55.56862817030792
64200.0,85,15,74.78395863761496,46.78550236987182
64215.0,64,15,76.69812028938476,38.4621729821272
64230.0,107,14,32.280941206077905,12.406855307415704
64245.0,107,18,12.436958028390531,62.61378404397834
64260.0,95,14,53.2454271255246,19.067650023881985
64275.0,83,15,288.17482516807644,9.517576773296028
64290.0,101,22,10.11511854347497,369.6518698070559
64305.0,116,21,35.78195343348635,507.45260774644316
64320.0,65,15,84.17256615585013,2159.5026937452208
64335.0,55,5,16.157538351417784,2422.8982715573884
64350.0,99,14,10.683040517372191,88.65348386692112
64365.0,94,7,21.818572417251815,119.2937126861494
64380.0,103,16,67.47917699520842,593.0771208093621
64395.0,98,13,2539.2072722230487,320.3504641094914
64410.0,83,18,768.438704545668,201.87872309791297
64425.0,88,19,35.304522894889864,65.73963563461913
64440.0,57,16,70.74227393719273,10.973866526680016
64455.0,45,17,93.38225125170557,29.75301224435219
64470.0,84,19,364.98685181756093,30.154580510769595
64485.0,106,17,2575.075569544355,24.97381300982444
64500.0,100,11,2536.7832284667656,24.54228368284634
64515.0,71,16,17.940604871597728,13.063744335239901
64530.0,97,21,11.967265820345867,353.0177613356276
64545.0,97,14,17.332527498382692,1737.8320096663563
64560.0,79,12,22.547036112333966,2366.2937749298917
64575.0,84,24,28.76001717393444,1462.6126661536643
64590.0,109,25,11.763241815517674,1515.2310816907352
64605.0,105,25,27.916040890521685,49.649315298101634
64620.0,91,14,63.32099024506258,37.39628668931289
64635.0,45,16,603.1050869575511,24.847004005897087
64650.0,97,17,8.029226688428752,19.866646359709453
64665.0,112,14,8.162564686199167,24.44116356999851
64680.0,89,13,22.11836496724845,83.2711655971229
64695.0,102,18,41.47633267125938,399.24334718382937
64710.0,97,25,8.993478591641233,38.25632058111629
64725.0,108,21,25.4574720614354,1611.311607343157
64740.0,86,14,58.021384530267035,735.6154300462459
64755.0,56,16,39.81406469392504,195.0935024748083
64770.0,96,30,9.685734097572801,15.646843102657273
64785.0,90,15,13.761106076390213,52.39044715982625
64800.0,66,11,39.773881968896745,940.6329293194979
64815.0,88,15,33.59461700804611,22.296583954830574
64830.0,97,25,12.267171993591711,11.854081264659902
64845.0,118,17,6.82812173293203,129.2220139480051
64860.0,91,15,9.427200815307055,381.77397530061626
64875.0,73,15,63.83823992845531,42.02168964838806
64890.0,92,22,22.12485578189814,29.554088238681075
64905.0,103,12,17.14028416677736,61.63348107937632
64920.0,100,13,12.097945828752971,40.04249188196956
64935.0,45,15,611.191558351061,22.969581877652104
64950.0,89,17,10.125354451058518,9.009897595936236
64965.0,102,12,11.607860689385653,520.5495433750515
64980.0,74,12,29.224156061102256,394.4981066289024
64995.0,67,18,10.539033882662613,392.92264567593975
65010.0,99,22,43.086480679363085,39.9076971178299
65025.0,64,23,42.5851142775452,132.66160963435334
65040.0,87,14,5.457101272614784,1828.4165428686447
65055.0,66,15,80.08640282665756,125.31106065533922
65070.0,79,16,6.67601737874654,41.715323792853304
65085.0,108,15,12.889525896220757,41.8847483661007
65100.0,102,12,36.02023354516017,57.32830451677221
65115.0,67,17,6.48522480380246,85.45899929959968
65130.0,97,26,7.177673195744117,379.27381160394185
65145.0,64,15,6.966782901351851,194.71539334876957
65160.0,72,15,6.0964542613497885,2174.5298694949647
65175.0,61,13,51.934805354145375,86.31413599738774
65190.0,88,17,5.482234220514187,180.50911037087707
65205.0,90,23,7.1054026361399645,1177.5444855097735
65220.0,69,13,45.64774249136712,1554.4685092107552
65235.0,69,16,54.48604309001262,218.7232451460624
65250.0,94,22,10.703067023304069,12.030026710967128
65265.0,103,23,51.20037405130581,50.20892610860422
65280.0,91,14,73.53332310090532,466.76317025098933
65295.0,75,16,107.78055201833443,88.8331651714652
65310.0,88,23,16.44552353638759,1471.7724001777879
65325.0,101,18,14.218321695878707,1163.0419980892225
65340.0,84,15,14.116771063584498,3028.461077541556
65355.0,67,17,35.71221842964787,52.95492630090224
65370.0,101,15,13.56193052164043,28.643484448004898
65385.0,71,20,54.98994977152453,32.281418137676525
65400.0,69,15,83.2804108922773,415.0659093980901
65415.0,94,16,9.367740591427989,393.68076395789984
65430.0,98,21,9.44142173163402,2177.0408243980596
65445.0,112,17,26.518490677883925,160.9643763034966
65460.0,96,15,28.73268441871233,253.4712301769643
65475.0,84,19,630.0382116030546,599.1068312824083
65490.0,91,24,9.539344878638696,705.6732925394525
65505.0,105,24,13.996261289793454,143.71154900852122
65520.0,72,16,97.08786969495519,36.41477365027693
65535.0,55,13,614.1572553656443,213.56808249540887
65550.0,104,13,12.196191151994533,419.0428161287321
65565.0,105,17,14.830193121440344,424.0789693510616
65580.0,72,5,38.41358249333905,2660.7066056213384
65595.0,78,19,109.15558314110113,2485.9500342090128
65610.0,92,24,11.906440881146894,1584.6644468391046
65625.0,102,24,50.239803538269165,157.00752386056408
65640.0,71,6,37.10966036866234,31.719538062280126
65655.0,76,14,633.2755195906168,429.5102711203095
65670.0,83,7,12.52131940118984,444.7287988273316
65685.0,117,18,47.50947540700989,2224.2487791698286
65700.0,92,13,12.217151217090255,2236.548359674715
65715.0,80,18,641.7104082606598,46.303875521695765
65730.0,93,25,36.30794715113702,58.59448130971397
65745.0,103,7,27.323048698088158,45.29998365596131
65760.0,76,5,32.457887453952324,421.38491172667545
65775.0,63,17,117.81601508162858,244.21016792989965
65790.0,86,12,20.93214545681687,1720.6400917934652
65805.0,93,19,42.600986887332674,99.36472487657036
65820.0,76,14,26.442710688817947,764.4720857083611
65835.0,67,17,60.04607732094899,194.2357231745655
65850.0,94,16,11.612176183973205,111.74427358199598
65865.0,102,18,24.813975154602588,144.46742372540595
65880.0,78,15,36.48312601211135,88.21280794299336
65895.0,82,17,25.560718145067543,15.55113803897017
65910.0,90,8,9.45025418400347,25.238144570597782
65925.0,102,20,47.18876072624085,135.35888646679115
65940.0,68,14,63.42041971150495,1145.9291852620815
65955.0,68,17,679.5556794355733,28.310003552640357
65970.0,65,17,75.22877377226392,13.334471987290103
65985.0,103,11,31.53777172687813,158.3622142734768
66000.0,77,15,79.38854705461031,2421.773366454024
66015.0,45,17,672.8578387546037,28.853903919246708
66030.0,87,19,26.60956506645225,843.7496939285247
66045.0,106,16,19.88024818739459,1613.7389709597983
66060.0,79,9,34.56460001692521,1635.8201317989356
66075.0,93,26,9.018634015022338,266.3591404308414
66090.0,94,20,8.306757755374317,85.97199779590682
66105.0,105,20,21.47564306253099,12.334577801818527
66120.0,71,15,94.30338643801576,91.19874422832493
66135.0,45,18,632.9705908936613,356.7254970289611
66150.0,98,18,23.827721847920845,2051.727817340564
66165.0,113,21,71.21952149096383,2389.958445905152
66180.0,65,17,64.14571125256272,2905.6674415890875
66195.0,55,17,482.41498471566644,1602.0887034472134
66210.0,84,19,13.710853819824148,982.9767181918917
66225.0,107,18,12.860848731195437,166.83983377609354
66240.0,71,13,11.670360854270246,13.063686904090526
66255.0,83,15,48.57961218983039,8.678474684020143
66270.0,95,29,12.703314190317107,393.302481950466
66285.0,107,21,40.61402469055625,155.62305527999504
66300.0,74,19,367.377421410157,2288.674723966763
66315.0,42,17,506.8830933173372,72.3964949389211
66330.0,94,12,13.607227843548866,68.55183224738488
66345.0,104,18,11.632563175783373,47.40179912024551
66360.0,71,17,83.4924581414202,24.902507906074508
66375.0,65,15,82.74603734351291,334.8442709932948
66390.0,86,21,14.873906091105527,338.1195947902299
66405.0,104,14,17.672927767978535,76.72998481186701
66420.0,67,13,63.50884455469677,817.3195312006607
66435.0,70,18,292.4097624349412,181.68444108334884
66450.0,96,20,15.298089681887179,2415.343124447262
66465.0,103,18,53.75844044024856,255.5911219120003
66480.0,74,13,50.049598568785115,35.830884895338265
66495.0,63,7,586.4479386184191,244.00606325424255
66510.0,100,13,357.2014912411997,421.94081203404505
66525.0,112,19,10.648286869839977,163.7994611123579
66540.0,78,12,22.776875011784764,1771.4645262476713
66555.0,88,16,612.3506588919885,1746.9083204265016
66570.0,98,18,12.349475761315398,962.5721618586518
66585.0,70,17,44.63369365478877,229.17945682528298
66600.0,42,16,71.29242808694396,122.07062736396551
66615.0,53,13,260.65939096512864,372.3614288732437
66630.0,97,16,14.055587812480445,368.03421880547216
66645.0,113,20,7.445986631956699,22.639827868221367
66660.0,77,15,78.79152344573993,96.26983215599564
66675.0,74,18,604.7180614323187,21.873244030799317
66690.0,93,26,18.71342137529132,28.537545853928805
66705.0,106,16,44.838039362280654,60.98347287382747
66720.0,62,18,104.3234450573239,161.70291196159022
66735.0,55,20,78.05615978476315,49.1630873402115
66750.0,94,15,11.832545664306696,80.89460544854192
66765.0,115,14,9.791581582966273,73.64360968820836
66780.0,78,14,13.091689383467505,8.096594298616976
66795.0,85,21,638.0779895553787,2.8115748887637455
66810.0,92,20,14.170799951487588,407.86929317062146
66825.0,100,15,9.682686676671771,416.4836924525072
66840.0,83,14,62.35251069821579,2236.0648325221496
66855.0,68,19,611.2250817881247,1709.2995725429664
66870.0,83,21,22.451281151090964,59.5050732094652
66885.0,103,16,44.207486076802724,535.5049638440979
66900.0,60,9,48.10087489966693,41.99091522759729
66915.0,74,12,61.71283382783173,97.52139159898557
66930.0,93,16,57.083292854766505,85.32412172948726
66945.0,98,12,7.320173734102332,353.15206745975
66960.0,62,14,35.24537481581858,74.341383752099
66975.0,57,7,599.9347747543555,1731.5181594479857
66990.0,98,9,32.634647383195684,2375.4551002104645
67005.0,113,14,15.285555600478478,104.40479398234247
67020.0,80,17,69.88127137275643,39.38957141686207
67035.0,45,15,611.447218964947,20.809537401169926
67050.0,88,24,12.471383206489573,46.03521683809195
67065.0,106,16,42.640762964757606,141.38990122231993
67080.0,90,14,39.46386971038936,65.4021491197876
67095.0,82,16,670.2043314195233,13.351786381654245
67110.0,91,20,13.59723979791693,15.219798111990425
67125.0,109,17,39.939620378483326,284.5514987940164
67140.0,71,16,31.17274737659807,34.386744123232305
67155.0,88,15,584.6586509271889,1776.702182182651
67170.0,98,17,11.762053000592044,2269.4589963131807
67185.0,85,16,47.47801933661347,119.2240984246106
67200.0,49,13,92.44249514043237,111.34516321713089
67215.0,34,25,556.293178349838,41.750668612681416
67230.0,96,19,19.956956135884667,891.5547770071071
67245.0,115,13,10.383542431634812,525.8140006379908
67260.0,67,14,63.429374287188864,142.29532757737167
67275.0,79,17,370.48905198165187,309.5519236017276
67290.0,97,21,9.189351748853834,380.3962612762312
67305.0,104,12,13.683061020726496,1337.196212576659
67320.0,67,22,157.70915985244415,2440.7002862872973
67335.0,24,20,595.9512040911742,2225.7926608772805
67350.0,91,18,12.584582396422617,3081.18435258609
67365.0,112,16,44.06775536397883,59.95259999161008
67380.0,67,16,130.76600250013496,47.19460914079373
67395.0,85,13,16.206496875426417,10.314384214136842
67410.0,105,8,22.354237180441537,393.9806018669921
67425.0,102,23,49.88462173078255,77.10957415512763
67440.0,72,23,33.40476188194018,1610.401148837722
67455.0,63,18,656.7006295831526,167.2026882405545
67470.0,86,19,12.339442108722633,97.81907517127064
67485.0,105,16,43.92578513293879,86.55285807384072
67500.0,77,12,70.07756425048713,1024.428954111993
67515.0,70,13,611.9876906108458,207.54260937913762
67530.0,97,15,50.784770464629545,11.749214883912623
67545.0,90,22,11.363918716163644,23.317505202671356
67560.0,70,21,31.53169012803495,3.7078850204227165
67575.0,57,20,619.9738241225062,445.0997529945744
67590.0,98,19,19.72447740544237,2135.2627550243683
67605.0,108,14,44.63541411165639,1714.5719274196078
67620.0,73,13,89.28033617851887,138.07917752865634
67635.0,48,20,631.333453883461,48.87218574728748
67650.0,87,20,11.414781018654974,789.6820811884894
67665.0,103,17,6.810136373339392,54.17545108258119
67680.0,65,15,61.92602500631588,8.87620361491588
67695.0,67,18,612.69367407488,563.7624331204237
67710.0,99,15,19.035767950244225,417.3852129173375
67725.0,105,19,7.124803095998333,207.09383583007303
67740.0,70,14,68.33328648852309,2332.7889770453503
67755.0,68,17,646.5248382763094,1802.3717520895123
67770.0,101,16,11.518963824739435,932.5927007779379
67785.0,104,18,17.01488171692208,479.08621234755157
67800.0,71,10,93.36644647069629,267.710174050167
67815.0,55,16,15.993951498407913,35.365101794717525
67830.0,96,17,9.890916230497396,397.44187646443044
67845.0,104,14,45.35566404911444,1474.9533565229244
67860.0,79,13,34.90871845467885,2705.3149998789036
67875.0,79,19,647.1455575385056,1535.666769221359
67890.0,93,20,11.181330563821339,76.38672675550336
67905.0,104,15,45.27806327905379,132.54843683826343
67920.0,77,17,100.033691645489,52.03553553848333
67935.0,78,19,596.167409656489,98.30117919204532
67950.0,98,24,25.161524731101157,843.4919731978825
67965.0,103,12,31.05985425221285,1554.3483003714607
67980.0,69,12,31.291500246110207,1538.8246895549191
67995.0,92,14,9.138039914863887,940.6432921412407
68010.0,100,20,5.883155215976731,4.268627349766332
68025.0,102,31,46.04373340357104,13.713627391684467
68040.0,65,15,17.130127121760097,367.53954921054395
68055.0,67,17,3.6673028688489375,30.199037427578595
68070.0,101,17,5.0937714231503906,39.92722824986483
68085.0,93,17,2.538382954378958,29.243857407007166
68100.0,102,7,15.356455039273813,103.27595883291161
68115.0,81,12,5.659977432955982,12.22359585469124
68130.0,107,17,3.9292679666183683,36.6919407681382
68145.0,101,16,13.301044684875936,840.5236459694746
68160.0,94,9,49.413468731904416,1941.1763846288225
68175.0,70,15,689.2837358716166,1034.0198065988461
68190.0,85,21,63.638666333534815,1526.9730103723584
68205.0,97,13,14.875053653384068,245.16010755594215
68220.0,88,17,77.88786361522239,65.03537162144279
68235.0,45,14,652.7842881130156,542.970512216747
68250.0,89,18,12.185976147948292,158.60899428746703
68265.0,107,21,9.273175030072135,73.94532729725252
68280.0,91,12,72.21492527348923,800.0188377922589
68295.0,48,15,555.3430878929647,24.175904845167846
68310.0,105,27,12.67741248574483,731.6549396636251
68325.0,110,18,49.58384416914245,463.45809986207223
68340.0,67,10,72.19106507541528,1433.1208119746464
68355.0,73,15,612.6863261608446,55.087589879560724
68370.0,89,14,17.761153849320003,54.98450861996189
68385.0,103,15,43.85381967267761,34.49307334817255
68400.0,58,15,87.7173815185974,23.27513510410651
68415.0,64,5,607.8028455338948,72.97110935631572
